video_id,exercise,movement_quality,symmetry,rom,stability,landing_control,movement_consistency,pain,psychological_readiness,recovery_trend,label
dev_green_0000,squat,78.72011125631653,95.50270717483875,91.5245177311297,72.3917184907693,77.58256394510146,89.894882822171,1.4521331484220596,85.84878958246141,77.4695607242642,GREEN
dev_green_0001,single_leg_balance,92.1557858240398,95.66675161257369,84.52824558048972,97.01792965574427,91.74007473801636,82.98495275981733,2.205625862490749,77.37005659253902,94.78450301307272,GREEN
dev_green_0002,squat,84.70596345518318,86.91442273357634,93.78033070939225,86.76376414344958,84.57337742269515,86.5350651465824,2.3855401041086837,89.2889965792767,90.12732611595989,GREEN
dev_green_0003,single_leg_hop,89.01574702105518,100.0,80.74867986892308,83.9020581674277,81.48981817401697,93.31185595802847,3.041869521992981,84.97447288110612,77.59843523037472,GREEN
dev_green_0004,squat,90.5541495147729,95.45952502722065,88.34523414644156,82.67592234169045,89.85729058453376,89.81680066398509,2.040557456401914,93.84285900153371,88.23595548774682,GREEN
dev_green_0005,squat,90.75239494150327,91.40547441693334,86.31295518951987,93.05030580670832,76.34275344115467,86.7623014854989,1.282590080277925,80.25009936580992,83.24857748773316,GREEN
dev_green_0006,squat,79.93918219014729,96.80967012754888,70.53704182707357,85.3209197601138,89.30202452084005,93.10355631951495,2.5823492377721404,93.14012511679933,82.51274927751562,GREEN
dev_green_0007,squat,82.76353745134803,96.14785528754292,82.46956540094708,77.79450941329662,78.93370228797215,82.56383399798872,2.3468768184591404,87.28183162463509,92.90485354067768,GREEN
dev_green_0008,squat,87.109777837537,94.75354236380402,81.5252276822381,91.6542019004593,82.7045924714668,86.4586230740445,1.380088316601838,75.23744318969864,90.86972480785582,GREEN
dev_green_0009,single_leg_hop,82.71418361858093,91.07496471236612,87.84597327124727,91.57224940823956,93.3230808717823,88.31060160843404,1.3343718567514309,85.28253610184241,69.1266556604197,GREEN
dev_green_0010,single_leg_balance,76.74110271351918,85.01651903439111,87.1981938137875,80.75616755711951,84.97469956768488,98.09459808450245,1.4081096318324315,92.63764011620378,76.66382319990123,GREEN
dev_green_0011,squat,84.56193709492659,85.29986767053651,81.2877353927955,94.72246509965916,74.1814366144612,92.040965504821,2.061509162565506,80.65265039872885,71.53942145611545,GREEN
dev_green_0012,squat,82.29355103655338,92.39605726812822,84.17481716418754,100.0,86.0851549802158,81.83551755164694,1.9972031984519478,87.97997015574589,99.59187575240436,GREEN
dev_green_0013,single_leg_balance,91.84577872140206,93.14122635489706,95.7064231297565,78.48989556541719,82.88198773800202,82.51396841016133,1.3712092165286554,73.60982467199322,92.35150946814404,GREEN
dev_green_0014,squat,75.7043559384814,84.90652551275475,86.50811077960157,94.70501254315505,100.0,100.0,2.255850376603596,77.09415691971323,64.67953719268691,GREEN
dev_green_0015,squat,87.87398023640685,86.12235342813804,80.67714191856251,83.10322560752154,86.87367290866892,96.4618616155135,1.9727534241898792,84.5722864666518,75.64346247174188,GREEN
dev_green_0016,squat,82.59584463648669,90.67730469509007,98.14343930863906,89.04219617178309,95.86191608818446,85.50493081022593,0.49656185694127286,77.31394913990866,78.74773935464246,GREEN
dev_green_0017,squat,100.0,86.07167992465368,90.70791362989075,80.77658257530379,95.45258410299395,91.69465676274105,1.6276983125761006,85.6331372647811,79.4521230457061,GREEN
dev_green_0018,squat,82.81511563761454,83.64636541739651,73.77649940544305,89.38070334177695,100.0,90.11994129501407,1.6694978412791293,88.57243525642289,99.06001741706825,GREEN
dev_green_0019,squat,87.535677509547,88.53443661499757,92.85030968047911,91.43005150769291,100.0,90.28264106055335,0.4530840651074497,73.68656720678902,100.0,GREEN
dev_green_0020,squat,84.74336550702179,88.70087607318408,95.69155433793762,79.1436345436521,80.84218384835339,93.50328756282332,1.3659343648544515,85.95390319951936,84.36557101475488,GREEN
dev_green_0021,single_leg_balance,88.36302184159254,99.4448911678823,84.72467925521397,93.15151034621486,71.59862319175181,88.65897118648917,0.8724467026778417,75.03068245618735,77.21847633071249,GREEN
dev_green_0022,single_leg_balance,92.41131779649209,83.04164369356262,84.24505194075535,84.12664453333137,85.37861524510431,96.01930477713223,2.391926980704319,98.0365829669847,84.45494320750099,GREEN
dev_green_0023,single_leg_balance,81.12840171830508,89.65684709871701,85.93997433016978,89.41258686762968,79.32489542213307,89.63342847139512,2.051051163152796,100.0,100.0,GREEN
dev_green_0024,squat,83.98831646915576,82.21934798897799,79.27434388829211,90.52484002872272,97.64682896710588,83.89641313579475,1.0804389159254237,66.6743987323521,84.37334079455093,GREEN
dev_green_0025,single_leg_balance,78.56309911698305,87.82336343580356,76.9851137746593,87.24589956597954,73.93817286914695,78.73068328226307,4.142171823231128,74.41319676853372,75.0321442154536,GREEN
dev_green_0026,single_leg_balance,100.0,83.97060022704795,81.05400834569575,90.73244440752407,100.0,82.09200045100233,1.5301943694636793,92.9960381845557,90.34766074466619,GREEN
dev_green_0027,single_leg_balance,83.3669075013893,90.19706221290376,73.00083353304015,86.09461004820268,85.86890007992835,90.62518922738379,1.1891400592990824,90.24384670290625,96.12715817819829,GREEN
dev_green_0028,single_leg_balance,88.46229485879442,91.31893208546721,84.00067514473132,82.22753573165723,90.53195409338646,88.31899381110557,4.102485139823655,100.0,89.85846552556501,GREEN
dev_green_0029,single_leg_hop,80.65859953213663,84.32553116809949,93.52914362471093,90.1019938011771,91.8411472271329,76.78789809118065,2.820182329713999,90.08978304392926,74.89569315585521,GREEN
dev_green_0030,squat,87.84602043049564,91.31480079013747,81.66263051357156,87.17209385547231,85.98418097434492,90.06793758471728,3.4186411702924726,62.90007403161832,83.63149735490316,GREEN
dev_green_0031,single_leg_balance,87.23558694960713,92.7759639381226,81.02468334942968,73.94622574017134,90.62396386971288,100.0,0.11275245459224847,93.7744521232837,82.71474776877106,GREEN
dev_green_0032,single_leg_hop,78.62971042507236,88.99326296586474,94.40035675759167,92.66124193590166,100.0,97.24188322284385,2.282995346822534,100.0,90.38993158738299,GREEN
dev_green_0033,single_leg_hop,91.79591723757942,89.22057427879174,84.53236652687364,82.42060941359779,95.91667147675882,80.75187463819594,2.6605853766594274,84.28414048245357,97.71247093467319,GREEN
dev_green_0034,single_leg_hop,98.74452310352761,95.38464814683186,71.42367795477408,87.4643746168144,78.62394245924148,85.37204110343608,3.462351276604394,91.73780429807927,79.01069571421253,GREEN
dev_green_0035,squat,78.9039784349172,91.19669255725756,74.26751880495098,82.63087778082735,90.49607577240995,97.08718425274688,2.4696376194468836,65.3783944226171,89.0436672903026,GREEN
dev_green_0036,single_leg_balance,88.89723199760886,100.0,67.49409378556206,83.27117259847115,92.72725058234684,77.9288392038224,3.42354395285886,89.31520951430592,94.46583985843404,GREEN
dev_green_0037,single_leg_balance,82.00339436934743,95.88258213979726,92.54777244791231,89.86302416109734,89.87520714158957,90.89240267497208,0.8503202087866801,84.67224187783683,84.47477467547641,GREEN
dev_green_0038,single_leg_balance,92.99876972837207,84.64878350812954,82.99992775744337,99.85164438127178,82.05129416949949,83.24424987896776,2.022536811014313,93.59946671436788,86.11426055560659,GREEN
dev_green_0039,squat,95.30272413305893,96.14076389539916,90.7345605351205,92.43293201059275,100.0,87.56386817793769,0.0,100.0,81.42300569043175,GREEN
dev_green_0040,single_leg_hop,95.16685479402369,81.38644275364645,73.98682228715089,75.18977650304917,81.64690967979661,92.07745624211896,2.376606627094048,88.48646761395699,71.87234116107633,GREEN
dev_green_0041,squat,69.82927594357149,91.3261215123423,80.22579173089332,91.6750861737329,93.61562900977016,89.96769002441077,2.6361463939134393,88.06290236703562,91.30064705601467,GREEN
dev_green_0042,squat,84.74272010317979,92.18065657994174,90.56422780333935,84.85007062220342,92.1693380458569,87.13912845659235,1.6707036159390567,93.46567137821665,66.06939628945844,GREEN
dev_green_0043,squat,76.92469370347668,82.10688761534308,65.33107104121356,82.57388447875859,93.99547119782193,87.00581153532198,2.0175690901360372,95.80295747039713,99.27686132267692,GREEN
dev_green_0044,single_leg_hop,80.61381383235013,99.12151533741638,84.73701326747288,81.3008142093803,83.24479718241012,78.63624441204489,0.8230527608929823,82.77784980733014,94.03585019378602,GREEN
dev_green_0045,squat,98.04538881816188,82.70691090773776,87.14261974607935,79.67564848673973,91.79757670770562,88.08239344518591,0.0,94.35467292411636,79.94999287191268,GREEN
dev_green_0046,single_leg_balance,78.51173312097217,87.07430033987467,87.42312352555933,86.48604527250876,90.62929601825985,91.53345297750191,3.252727821080984,82.91492464222058,71.23142183154269,GREEN
dev_green_0047,squat,93.47055691600389,89.01107096741647,92.91673955661902,91.06701690545977,86.95089975837324,91.44143125832406,3.9461138161389293,100.0,86.69381135132778,GREEN
dev_green_0048,single_leg_balance,93.5336811022647,85.92603380339591,86.66456298094604,87.79309721636915,90.51126569166043,83.16641835835416,0.0514757573601341,67.34314907607838,74.82615887010392,GREEN
dev_green_0049,squat,82.78927300542468,89.24085048010743,99.49784929943614,96.84794695925838,80.30327106926698,91.4339591671567,1.3522139400146425,83.44072545763915,87.85325649415383,GREEN
dev_green_0050,single_leg_hop,83.62519061281189,97.38310919640615,74.86449419086077,88.05071249889815,100.0,90.56155819837693,3.37653595726679,86.82368160355887,91.80777095329796,GREEN
dev_green_0051,squat,85.60251763925116,89.97755451301478,77.76414082619664,91.44241087166043,81.18770248651386,93.659096654194,2.993815704890501,89.29878266513506,83.13751266444308,GREEN
dev_green_0052,single_leg_hop,83.8392886111751,96.6132827527909,69.34875132627901,85.31514105505083,72.07350403900801,78.53457418840956,3.3002484527953007,94.05666483774517,78.8051976671521,GREEN
dev_green_0053,single_leg_hop,75.48247580771373,73.2128269729501,79.65203593653892,100.0,91.47907417170919,85.08299399765357,2.311588230450337,71.95137482305002,83.02676637302365,GREEN
dev_green_0054,single_leg_balance,85.39729543725267,95.74483673014048,86.75716180988842,93.34660814486398,82.49302174215393,95.28470785887384,3.591830642386391,77.26865432313728,77.1230434428544,GREEN
dev_green_0055,single_leg_hop,95.35049035424163,89.85193607982964,95.23057113653246,84.45971430486253,99.64036461016569,89.92040071763816,2.084051705654965,100.0,82.3822952255583,GREEN
dev_green_0056,squat,82.86005054380152,93.71400370385884,71.47392742255589,93.09976722120898,83.68982945905806,97.03468862513495,0.0,78.92090802406248,69.13531848765898,GREEN
dev_green_0057,squat,80.21639373545233,92.48599540665366,82.56618699640197,85.97297944841588,86.72652102895951,90.4237176843396,0.6906103538625814,92.36164676809146,92.62665970385484,GREEN
dev_green_0058,single_leg_balance,89.89573409925885,92.77850800485196,100.0,87.30324663157992,85.54333425332338,83.72530693749836,0.6645110623643795,74.79975391159033,77.11202686769082,GREEN
dev_green_0059,single_leg_balance,85.5052373284355,93.00577077098629,84.40913646841729,81.8757177805623,95.2014765121597,94.17588870610663,1.6243868618357813,80.12375469801759,91.48427920829799,GREEN
dev_green_0060,single_leg_hop,75.86310918409467,90.59211846409357,86.09628649659504,80.80244170809797,89.51874714269954,78.81624260319548,3.2698047100133882,97.23154986553489,83.47482665697035,GREEN
dev_green_0061,squat,88.54418036487351,76.54046820520075,74.74921871787734,85.64976863878296,79.42293582858512,94.00077537841462,3.9970261838227934,75.41046752513628,77.62536595914807,GREEN
dev_green_0062,single_leg_balance,97.27781303949735,83.66575412476058,85.99228897845553,100.0,74.78592681456587,80.03251555207918,1.3340327328930779,81.3147042843013,94.12601287753645,GREEN
dev_green_0063,single_leg_hop,87.69161803874587,80.35022764214723,88.12328322320649,83.3796889011548,98.19557773552991,84.60688724494156,1.0997231885875407,90.87018449724079,93.62926482336937,GREEN
dev_green_0064,squat,74.20081877830634,94.2282066395695,75.7255355866048,89.8822088927061,76.61012451680752,92.12425503280144,0.9127412052618902,74.4562881476553,93.138201364824,GREEN
dev_green_0065,squat,87.69151165173726,87.31613919164262,95.60943079216851,84.47478062744206,88.25686139176747,90.88239413375021,1.118367472458525,90.24022664059936,80.66547652835276,GREEN
dev_green_0066,single_leg_balance,95.53849847862338,84.7564836849254,64.69775735256408,100.0,100.0,86.16311514185468,0.0,83.2056442142365,83.13777050159331,GREEN
dev_green_0067,single_leg_balance,84.6705331128442,84.3196717484689,88.63648913981181,92.19605900228869,76.04475504144554,93.89437712186421,4.057953480140481,87.54764299193354,82.62674837931493,GREEN
dev_green_0068,single_leg_hop,90.30679736877993,80.61597036695669,85.31512562381842,84.87628840429753,100.0,87.7807908633653,3.634676372231472,76.06633371996193,91.87259166802792,GREEN
dev_green_0069,squat,88.2358018465386,85.7857165128113,85.41916891709552,97.7001506946528,85.4096663657072,77.15626145581166,1.7806808908748095,77.87819214686739,82.57659061336118,GREEN
dev_green_0070,single_leg_hop,74.06043448789138,81.30604996407592,87.8565346842042,83.81825043064256,67.48204526543546,94.49390825625694,2.0996067308016637,79.57512658367165,72.83169788941758,GREEN
dev_green_0071,single_leg_balance,91.85065527420036,93.09610373536258,100.0,91.3615087897995,91.10162513009612,87.83150448924005,2.6984534539208704,91.62576681123338,98.51725008565195,GREEN
dev_green_0072,single_leg_hop,82.95214768939226,88.12538097452811,90.32641376943191,99.98699552237386,84.32927605480559,86.02658390544836,2.1454849462567793,83.7881464998839,95.5205365313989,GREEN
dev_green_0073,single_leg_balance,70.23755896566666,86.03976971849863,77.74066932830843,69.43715190091083,80.29089244504956,82.59390718907852,1.5787848800292867,96.01669302494237,83.54939348809297,GREEN
dev_green_0074,single_leg_balance,85.6013182115053,97.2950417286481,76.19232947108077,80.71540092862841,92.46839167419378,87.4492471898844,2.512233159780422,85.87717887384233,93.01663648089567,GREEN
dev_green_0075,squat,78.7544532017155,90.9274920952704,82.31447988509474,78.27287260716696,75.49217641705049,93.80024324692263,1.4139523795602242,76.79947746517404,85.03821063076668,GREEN
dev_green_0076,squat,70.03483508239654,82.02016786058005,76.61690846483786,99.68943093376264,90.26069586335437,94.37122068322859,0.5458229889611463,75.92417712256527,90.4781371672271,GREEN
dev_green_0077,squat,86.40792031654813,94.29243291318475,82.49863207257238,90.22514981163701,89.26495267924088,94.44437172359447,2.687709110138918,71.42115205047406,63.52731444659145,GREEN
dev_green_0078,single_leg_hop,94.31407565283355,84.87626188291998,69.12131674763498,88.79227856805761,95.44670581080423,100.0,2.367927329311596,82.65454973072875,77.06869378415138,GREEN
dev_green_0079,squat,86.08015904169459,89.20441177668846,75.87945675416947,100.0,100.0,96.952340784888,0.7870645624099597,93.69517391867551,92.39626409497902,GREEN
dev_green_0080,squat,94.74765686930644,94.81222685716766,89.92011389043468,93.09525026697769,90.72633126401685,76.51472209200071,1.891983185151613,80.99427237035788,73.2015904235998,GREEN
dev_green_0081,single_leg_hop,97.77271633510577,100.0,94.87376480236489,90.04170733484699,98.80500096762125,89.08437226421277,2.0230770045875572,76.15875766584216,89.9699130449884,GREEN
dev_green_0082,single_leg_balance,76.88143518215875,90.69281732910042,83.36216348914553,100.0,95.15370662810727,89.08011807364026,2.0736660407811915,86.39791140293778,83.97086015204452,GREEN
dev_green_0083,single_leg_hop,78.423009618282,90.09368873435842,78.0312139467799,77.99747568861483,92.08977451638027,91.73885261953265,0.0,84.89583826254386,95.95701385899923,GREEN
dev_green_0084,squat,93.18085790019667,91.23347924140876,77.23963737624679,79.33040938113551,90.75683923800285,91.65496024055614,3.216064222765572,95.89981685307875,84.67771343468829,GREEN
dev_green_0085,squat,77.29055884797391,89.08536041793461,85.7378495584842,86.38333403688476,83.37684713537875,90.77019370478929,1.2456464844483284,80.34740524647164,89.1145283430344,GREEN
dev_green_0086,single_leg_hop,87.70873072284847,92.63922413711273,74.8845679912674,84.1500710090767,99.5022155193317,80.86544341086,0.0,69.2433936208174,86.29109946576669,GREEN
dev_green_0087,single_leg_hop,86.2164209462289,90.29433486744928,93.71351863142802,66.6173245351765,91.16747099544659,99.93006741262501,0.5594411586191146,82.58174139389095,78.47108082771379,GREEN
dev_green_0088,single_leg_balance,83.71616596483872,99.56491170210703,98.69909340390016,85.31248619967882,100.0,89.24903533889237,3.7290601293711894,85.16031215311857,87.31057826046144,GREEN
dev_green_0089,single_leg_balance,88.55832130849984,100.0,90.81028459875832,82.34188376038828,95.75198296220687,86.46717224040961,1.26127479880867,94.177412239029,86.31085587771153,GREEN
dev_green_0090,single_leg_hop,86.09789655305704,93.01949875963261,87.39972717948919,72.50426453835668,93.33258134887627,82.1258640611879,0.21347095088464751,85.47429880527186,86.83981003314454,GREEN
dev_green_0091,single_leg_hop,81.14545684799404,95.98619114600784,73.26259866903274,84.74445000981953,83.32100692053599,88.67388910762462,2.1067507131119627,76.92896345338809,93.24282677456227,GREEN
dev_green_0092,squat,72.75637622681663,79.24845135761781,83.90144565656551,86.23226145770917,87.17263909140293,88.80412280428847,2.048115823461199,94.5288464886347,74.88895099082441,GREEN
dev_green_0093,single_leg_hop,77.79619884969443,84.44005685267571,86.31133333734965,97.95957902917156,84.54928449408392,71.48810109088242,0.0,78.5026694948359,80.42271112504785,GREEN
dev_green_0094,single_leg_hop,86.27006786086642,89.12952201506532,92.39471688434726,82.59186155454906,81.10145632419565,92.35212876964323,0.11079372308126878,89.50722534788002,87.02553183726266,GREEN
dev_green_0095,squat,84.96790257057283,100.0,79.02234043764226,100.0,86.19654840617521,80.0608848852084,1.8769115390943079,76.31379319713109,78.482441521865,GREEN
dev_green_0096,single_leg_hop,89.88907462055087,87.26699379847445,91.8992411603712,97.26006206416908,99.49041405250632,92.70589384988006,3.2997715832942687,69.07281414823348,82.82093451371537,GREEN
dev_green_0097,single_leg_hop,79.93096320573602,91.71535516676435,79.4284062464261,86.67073726440213,100.0,87.81196142505735,2.255171548909235,83.90957603068188,86.75713287956833,GREEN
dev_green_0098,single_leg_hop,89.13826846181212,97.99184521328306,97.17915198082663,90.47696065527333,92.71637508828482,80.94394843570103,1.7033355833428174,94.4626051839523,94.65968638417154,GREEN
dev_green_0099,squat,87.48126812956535,96.31836375740771,87.92613367195055,97.60245006607457,90.31487325565689,86.51011179100276,2.169425382626326,59.62465061732502,89.82885736385049,GREEN
dev_green_0100,single_leg_balance,73.93575614816207,93.71061160564591,87.82023469813436,78.70056975888056,82.30318366496849,98.59378692029892,1.267566855270056,100.0,85.98080146823654,GREEN
dev_green_0101,single_leg_balance,88.85625323816886,100.0,85.04821692954735,79.98124815447359,87.12218038644568,88.75072484666936,0.298784182578278,83.69751135793258,78.57807906002563,GREEN
dev_green_0102,single_leg_hop,86.24228311929679,89.30322550511458,83.1505445550194,89.78497614724932,92.93451359751823,82.00201439931433,0.6542536041166009,95.94211293862277,81.8766312779527,GREEN
dev_green_0103,single_leg_hop,76.08210535182188,93.66287625629863,87.70695844826149,75.75427794194636,89.83585372370885,94.14908164699861,2.2118250968768893,91.68783335385255,71.9573090190925,GREEN
dev_green_0104,squat,83.88166168370688,88.10325904765213,90.96444487535781,99.83419608539384,100.0,98.20365510054134,1.679292400206798,89.17448146723709,93.66822871784244,GREEN
dev_green_0105,single_leg_balance,86.84824564509623,91.78458512746927,90.59002505500946,87.52573883179254,82.16570450901071,86.098688539149,2.497301415507117,86.0269396207996,89.40209976868339,GREEN
dev_green_0106,squat,83.37610975971673,95.53748898177884,87.03074082766716,78.12149530470818,99.53843832948995,85.49478679370159,0.0,76.59460661372327,75.78954839321678,GREEN
dev_green_0107,single_leg_balance,86.36521323060273,89.35689696672257,81.30534425887525,92.95761572385983,90.71900288954163,91.21233509451001,2.250811303061562,91.54521201202014,64.92046658222557,GREEN
dev_green_0108,single_leg_balance,70.73852954857368,91.21635956078677,83.96293622220524,96.36425819831744,97.50107514176896,90.41942533776657,1.2496028148634102,90.36645001291164,80.72082362675687,GREEN
dev_green_0109,single_leg_balance,85.99025143989655,96.9168179017646,79.53782923208462,94.44542911394001,93.41921094953842,82.31645728008425,2.871283541039141,92.28709710834354,87.01925887372657,GREEN
dev_green_0110,single_leg_balance,79.985557869971,87.77402453858187,88.34075570633568,80.35499866078882,91.50009798895896,80.30771129785126,1.5755245571172662,86.98682979116607,100.0,GREEN
dev_green_0111,single_leg_hop,76.35879041135743,99.8320873989408,85.19873931189824,91.2893753441277,88.94678330710563,92.11308772736663,1.6309463852017805,99.08645163311712,81.43528855775277,GREEN
dev_green_0112,squat,81.48943015850884,90.63848892159228,75.42429958167824,91.64018976278015,99.56100765541227,88.45850674125403,1.5834257314256996,75.96844733238866,83.70707346447692,GREEN
dev_green_0113,single_leg_balance,74.85044018194931,85.52273207968703,85.81428836887308,98.55210558193117,100.0,84.8939044045037,3.378830172309984,88.19377232361484,84.48752353253624,GREEN
dev_green_0114,single_leg_hop,86.43341538575972,91.66237435367331,80.73333469738665,76.8151227216092,75.65099837982335,93.57271418296858,1.4956299009057152,80.6351999030945,86.08505626723154,GREEN
dev_green_0115,single_leg_balance,91.56452577040939,92.08218365815839,78.75156050687227,97.8103436451916,100.0,92.46189658725997,2.8710298624784993,97.1776399713243,97.30099316404514,GREEN
dev_green_0116,squat,90.18842932952418,94.11796344007901,75.22129860362365,93.60578525487668,77.15348823098756,83.43780381412462,3.233921574588896,93.56198146424778,100.0,GREEN
dev_green_0117,single_leg_hop,84.09827931418896,84.08650695233939,82.07650242343726,88.81625037792459,88.63190973072008,96.93576335129691,1.40260253249621,89.16831024622631,76.11372850565394,GREEN
dev_green_0118,single_leg_hop,86.02175985129946,86.50111997029289,82.11336510260118,86.52659402787823,85.83875896530323,100.0,1.6917093974613324,83.80493500840396,65.02549042389859,GREEN
dev_green_0119,squat,79.74054853614366,89.42155945326188,78.51317859058686,99.05366074702238,86.68049779683025,98.01910974522777,1.8678750974554048,86.3350505277942,85.11203552287499,GREEN
dev_green_0120,single_leg_hop,98.03156502134901,77.0823356394927,67.98763404449056,83.65463335155108,88.11622305550056,93.83073097334808,2.320395917830223,82.54178678407487,96.19043693241763,GREEN
dev_green_0121,single_leg_balance,93.21136782206912,92.1043469876294,91.70126057989474,90.18116210745703,83.50813578573693,93.88471787300003,1.9216744348365455,86.01205862079038,100.0,GREEN
dev_green_0122,single_leg_balance,76.07621080888302,83.87757744175377,81.09391481944955,85.96313464187176,75.94139481781562,82.10389377382421,0.8530741536240728,100.0,100.0,GREEN
dev_green_0123,single_leg_balance,83.11775407620746,88.8185002581592,74.80636802249364,72.73495669419786,87.0649585087318,82.01503611729181,1.7066644151717894,71.5981473586087,78.38025541689743,GREEN
dev_green_0124,squat,88.56346718448756,93.50483175245209,73.4360881267437,94.83748584108449,81.5983064271852,93.43000540225114,1.7882974557199875,73.61251250829847,82.83802295418812,GREEN
dev_green_0125,single_leg_hop,88.55754619444637,94.67779228284759,82.87209682044465,100.0,96.06008616789248,87.20342118520173,2.625133993350639,100.0,100.0,GREEN
dev_green_0126,single_leg_hop,79.51426822189994,99.9095127204031,75.5337515932989,77.41967093366657,84.11044695440762,91.9415869663221,1.687363622727794,80.14492741634967,79.2578753827549,GREEN
dev_green_0127,squat,81.01364054911105,85.72294222804635,100.0,90.38008856948444,95.0940724352379,85.57645772316754,1.5954476550953463,79.57801416766681,59.48291665080798,GREEN
dev_green_0128,single_leg_balance,73.32566924013724,77.50129733229036,74.43712820561518,98.59964543505305,87.64451065836516,98.03394633624822,2.252080834590963,93.04302943143644,76.99103004695425,GREEN
dev_green_0129,squat,89.6676566793487,95.37228540444607,79.38682166213046,92.47632296492932,92.52950206859866,85.15313165208941,0.5649547245019055,75.34284501291555,86.86505541921461,GREEN
dev_green_0130,single_leg_balance,80.4523191867946,91.1595120479566,88.56429628910789,92.94552571732241,100.0,97.9388658253863,0.6985794239678014,100.0,80.69023495444286,GREEN
dev_green_0131,single_leg_hop,93.31410968718099,91.40791975630653,80.70280497234425,73.53842512180054,86.62748391826922,78.08431735286074,2.8640291594270497,99.65113391425324,78.0308901070331,GREEN
dev_green_0132,squat,80.92225934594417,87.22909161917926,90.19595763092298,87.6916939052527,100.0,85.62437264907955,2.8992699657219383,86.87672071662004,93.95778009744234,GREEN
dev_green_0133,single_leg_hop,82.86989639869037,90.70264697469051,83.07600896560852,81.31154308123371,93.29665227665402,93.55174303904855,2.4529101643961235,99.8326908852588,100.0,GREEN
dev_green_0134,single_leg_balance,88.61136622903925,87.25839586445072,84.18684252891644,83.20200440704909,100.0,91.54588705240074,1.5601679590851356,96.74256714670739,64.29384590204589,GREEN
dev_green_0135,single_leg_hop,71.90128183594297,95.77503193131864,84.48374758493894,90.00357040208608,77.3888311734516,88.83736402404743,4.003860351441476,93.41779657816276,87.69706545142812,GREEN
dev_green_0136,single_leg_balance,83.23799003691424,78.2248126647999,86.06112336736929,94.76386486785483,75.39504538263508,84.37008175385229,0.5267889045432357,77.31183924672112,86.534816268219,GREEN
dev_green_0137,squat,71.40918491508069,94.68562263014239,90.03084055946945,85.9911792957047,68.15433192012367,82.02506961798328,3.1561921275129663,60.99805147344285,82.52476587806481,GREEN
dev_green_0138,squat,91.63199211109385,86.94931628713923,87.23163216588489,92.52368335335274,100.0,87.57940639427241,2.2136488065848727,72.63450068785308,97.90413563293744,GREEN
dev_green_0139,squat,80.67643806350044,87.63547501547353,83.82201764120632,75.4969252372812,89.8301602314315,95.77226391047508,2.122227205847021,71.69992192239147,84.76190705670341,GREEN
dev_green_0140,single_leg_hop,72.85407863823865,84.55140391709372,91.01234883265217,90.1607634735783,91.29577265701403,100.0,2.315408056356823,91.92099209389862,100.0,GREEN
dev_green_0141,squat,84.50336809336656,86.21270341828902,87.42237118597706,91.51192823511116,83.78627686443033,81.77322086311607,4.340828864299086,88.9415912334922,78.67714618597924,GREEN
dev_green_0142,single_leg_hop,85.23598393907066,89.48271132209301,88.49818297531594,77.66494185414648,90.82101763133738,100.0,2.3127954284170418,82.61409106594883,80.92894719571758,GREEN
dev_green_0143,squat,83.12762018658424,89.47622393171332,80.97754773793382,95.33049152859654,74.13432717432813,95.03400035288493,1.3823448223431827,89.39253007125835,74.73012089799136,GREEN
dev_green_0144,squat,94.7194447212031,96.75754315450044,71.88196179365168,94.63296856852843,91.23884070108568,77.76310127007203,1.773272877852103,89.28081040129936,91.56075273823151,GREEN
dev_green_0145,squat,87.24082956864198,92.74738850108427,95.78889113802477,97.80827127928544,65.06356036973806,86.77793011613623,1.6188838697016537,70.23111284545726,86.94183058232312,GREEN
dev_green_0146,squat,78.39402498286587,93.01840563213923,76.67341218162849,82.62470381056258,99.81914907336028,85.20209525921723,2.3084337379116873,69.15903695545111,100.0,GREEN
dev_green_0147,squat,90.2185671241455,89.90500094409843,88.60437207999915,76.72144456841752,97.46024593402126,86.732106571525,1.575523533446722,81.57509946531064,80.19348597254415,GREEN
dev_green_0148,squat,87.79134795072956,94.91048884841824,83.92964248411543,92.10559848861745,84.6492100485997,100.0,0.07527654192645139,97.34843591206686,99.6790745072097,GREEN
dev_green_0149,single_leg_hop,80.03488835824085,100.0,91.96392226356255,95.76911205458329,88.22417749620702,87.47941689246926,1.569650290256431,89.51477536687565,100.0,GREEN
dev_green_0150,squat,79.61989463803897,95.94656237430988,91.36920597115834,93.23727622758229,93.96399125219986,87.10350308889534,0.7781119161563625,78.18625912423298,69.64536751542141,GREEN
dev_green_0151,single_leg_hop,87.65864028082164,90.49930730064044,80.48009836376232,64.35504940523944,78.02146024244665,96.84588455982217,1.0689113999305557,89.24532509891158,72.09314570024743,GREEN
dev_green_0152,squat,84.99180637961726,92.74024237890121,100.0,100.0,85.54747502970353,84.84745870590748,1.441900487328515,90.58908423628883,84.94775865749129,GREEN
dev_green_0153,squat,83.2332909849757,99.80308750425425,83.08632086577731,100.0,88.72594051001738,100.0,2.1930513649816894,94.66664515924504,78.75388948482275,GREEN
dev_green_0154,single_leg_balance,89.21794168510492,96.93131945479189,84.32205201600371,77.70885331933042,77.11793306968538,79.01004518469631,0.0,86.98536823502378,97.25043921708026,GREEN
dev_green_0155,single_leg_hop,85.90608949152634,77.43751145597288,82.47391631732361,86.69760802693915,100.0,78.80003460956311,1.3702546371408848,100.0,90.49978341346548,GREEN
dev_green_0156,squat,86.80209105916715,92.97966123194358,90.22087624222829,81.52410944885787,95.02446863126559,79.38897888180122,2.161204770114692,87.60866866957694,79.83706911807892,GREEN
dev_green_0157,single_leg_hop,85.84120307272048,87.26475908400668,75.42638938510605,85.17108206709085,79.1680909170267,91.25958224865273,0.5349059564324001,92.40779320691946,74.1852093207118,GREEN
dev_green_0158,single_leg_hop,81.62777614249374,98.95088037324903,86.64231956493273,86.30612957964485,91.9897555285578,74.24965356869218,1.7525530513950018,100.0,87.32346506402672,GREEN
dev_green_0159,single_leg_balance,86.47539218418535,94.28877027785317,91.16484194651477,72.02026645688112,74.54138814567179,90.47203903760303,1.0136357819127393,97.80822735997923,82.84825610114775,GREEN
dev_green_0160,squat,77.12390258209203,74.50194388221655,82.1269957017367,86.49292698188493,84.60429832174482,96.55215327320818,3.1183718201683632,84.466504189795,64.65306332523144,GREEN
dev_green_0161,single_leg_balance,90.32097106344581,94.33216137105146,86.47513256125556,95.85183799446493,78.68137522831168,100.0,0.7446294715439452,92.7430063448077,69.12652305586649,GREEN
dev_green_0162,single_leg_balance,96.61458052707735,89.4346010619949,90.71938084106239,89.89564310975396,87.16033475199862,98.54695227452882,1.5396752928829096,69.97335703192877,77.96759908048296,GREEN
dev_green_0163,single_leg_balance,89.85834210091186,93.37305463817505,71.46353399811649,82.20525984473439,83.34622920638202,86.44171284120043,0.28649505253829344,80.34466002692469,78.71389514740473,GREEN
dev_green_0164,single_leg_balance,91.6638491769317,90.12513725146711,80.86368163303415,89.1193944963129,81.4673991403554,80.97217542482791,0.7657566701817113,80.28668152425689,74.36526200207729,GREEN
dev_green_0165,squat,87.13441691344012,95.37829404270225,71.30321359361406,88.20102968972827,86.24051363786931,91.39056079875762,1.785767355086053,72.91760648061532,73.37610701142835,GREEN
dev_green_0166,single_leg_balance,93.20146643821856,77.71487577374198,86.76581263841264,97.51697604230114,86.7757929903503,92.85141747218509,1.0266240110124176,84.92570420650812,69.79086481691849,GREEN
dev_green_0167,squat,69.58959684106789,96.65659480735165,76.12004057820447,84.35577723997255,76.90846197383846,79.13021207841287,1.608778529895922,79.43380525277918,89.77970997994699,GREEN
dev_green_0168,squat,88.24594752427225,92.43160474557067,96.62214563945508,79.4592498476409,87.56052107037665,96.92882874363713,3.19099379027184,73.20412715589885,82.8764455834413,GREEN
dev_green_0169,single_leg_hop,95.50684767107083,94.0484746311944,85.56210425183818,86.25852245252274,84.92959259433803,91.01753344163227,1.5223884625170683,85.6167924106,86.78598706115038,GREEN
dev_green_0170,squat,89.72490561717007,100.0,69.7841068853914,90.59210019351984,81.91847929104875,93.04181804263474,1.851213220660647,92.85669296638217,97.75506576508779,GREEN
dev_green_0171,single_leg_balance,87.34694782437727,97.79231373048506,65.24561684969058,100.0,91.00049721513872,96.54490349021627,0.4581366806743261,78.52307106555197,87.45938294144774,GREEN
dev_green_0172,single_leg_hop,87.98148011606993,97.50709096557979,69.8782374775772,95.79055257373847,88.06625527966342,87.57352697212816,0.1817732421766205,90.52743801539178,61.85892148968963,GREEN
dev_green_0173,squat,90.538758078671,82.04736498716204,84.4276633009398,87.04664930137663,97.35630517835106,87.74941381690277,1.036447582739768,81.44057573625918,98.72882768754664,GREEN
dev_green_0174,single_leg_balance,83.30059012933788,89.58132148021292,71.46258327531642,91.10779360681232,73.92147433843627,94.2625752608482,1.9414837517403924,100.0,74.99864446275694,GREEN
dev_green_0175,single_leg_balance,85.28136536271558,100.0,93.53111712233131,82.4303035873608,89.79173942698758,89.01399549490561,2.110151454133573,79.71187607613653,85.10679597299266,GREEN
dev_green_0176,single_leg_hop,86.94586416307658,93.700124040531,82.18064469884892,75.0795928753217,95.9082549028117,91.55167526594961,1.0013833925289255,83.47459597845743,70.99330597218162,GREEN
dev_green_0177,single_leg_balance,78.82212910555467,87.77313192185716,93.8273664982412,82.88397287290019,93.12170927463006,85.23178657996894,2.0727423169370622,84.72744048070578,94.73056600092744,GREEN
dev_green_0178,single_leg_balance,74.99230224998291,82.7083058118182,79.74498004845795,78.00752023457558,91.28169612543641,85.73962284599345,4.412067205029075,70.36056864376582,88.036331787098,GREEN
dev_green_0179,squat,78.10432883546032,88.03959195770393,85.13135578672436,69.3970290010057,89.89460893430422,100.0,1.301217871794548,88.33827071124959,96.249216931254,GREEN
dev_green_0180,squat,81.93327868027961,77.34558157766949,89.1279257551598,87.09465272216882,79.89852918889471,89.88617697194385,1.1579516075132004,81.24416481996028,92.06291156108708,GREEN
dev_green_0181,single_leg_balance,76.63132312073309,97.28389171644255,72.81851069505277,82.69838873315788,100.0,96.89148333149696,1.9073643917449843,77.53522806048905,80.70727693300107,GREEN
dev_green_0182,squat,86.26266262637719,90.45477442224423,83.75333988732652,86.28499912235908,76.46417011487989,85.38442480487417,2.806086459385531,73.68499132203995,84.10444488460722,GREEN
dev_green_0183,single_leg_balance,80.26172249860409,91.66810257638866,80.89093455146545,99.81914931979735,92.05266523352203,79.81737783955953,2.5383508127750685,79.02813329364143,80.23003628622466,GREEN
dev_green_0184,single_leg_balance,82.55776806188905,96.35713489793773,77.80391950789284,83.04842757926909,82.74903285161513,85.04052876151472,3.0091107111025943,91.65916664249272,100.0,GREEN
dev_green_0185,single_leg_balance,100.0,84.81569780840596,84.56335301861832,78.59039746685254,81.77915257801386,84.58942242821031,0.6371296384478982,76.53301454391428,84.55715621479744,GREEN
dev_green_0186,single_leg_hop,91.89488871396343,85.49347877549492,100.0,84.38892439228484,88.57614113533641,79.93261170873775,3.6767009339404035,96.07550612722625,88.96915870736113,GREEN
dev_green_0187,squat,76.57238215854304,92.26400126634772,75.02855163186196,99.69884210778689,94.47355785482539,89.66807326941415,0.0,77.14925619206872,92.87761131599872,GREEN
dev_green_0188,single_leg_hop,93.76418868044492,81.44792198655126,86.41241845450324,96.12412173186344,74.73331547534204,88.94466839238734,2.101226638139302,83.29311873637938,67.47838144598799,GREEN
dev_green_0189,single_leg_hop,83.7201132294839,89.03616741846986,82.81542076361796,83.49222859659945,84.45590277406826,88.72205602357116,2.2867000654666825,83.26015913428999,81.90351071631999,GREEN
dev_green_0190,squat,72.55358851873373,93.86221076335875,83.99549522301633,88.3175482127805,95.68587446075571,75.33029128966226,0.0,88.46423460791168,85.92883144871485,GREEN
dev_green_0191,single_leg_balance,87.19123860234353,88.22723754896532,89.31482939391945,95.46111074392896,91.87185835161222,87.17420079116792,0.0,92.92312587233415,98.21728666217592,GREEN
dev_green_0192,single_leg_hop,79.84250300842746,95.04276636200655,90.88423766369156,100.0,80.99112060617634,87.41481790819103,2.621999256257801,86.51669064294342,74.82672397948726,GREEN
dev_green_0193,single_leg_hop,88.90231399518692,94.471969802891,84.70370317064801,89.75667941743956,85.93035278651416,99.34795255001242,0.8092385979160558,80.71411313512598,86.10985513527525,GREEN
dev_green_0194,single_leg_hop,75.51838780933824,83.13821950140736,67.69817193812226,88.26156180202616,79.05355346234765,86.30814922987459,2.527516008880879,80.22611551295438,88.31282022743365,GREEN
dev_green_0195,squat,83.90463464573794,95.03268589057862,87.80102453878408,82.46453043060312,86.65078597279638,96.30620378404346,2.2327145572795066,73.42734148023982,92.55618061171383,GREEN
dev_green_0196,single_leg_balance,95.88759148972704,97.14459303904616,86.31908380734721,89.25786274748955,86.32774195178064,93.7496676598002,1.3921440135917322,88.12012883575905,94.71934366519451,GREEN
dev_green_0197,single_leg_hop,82.06735419532087,87.30284356005583,74.44507615420433,79.48421803099062,73.37283750846798,94.10880152310871,3.789805996291048,98.82796049123274,69.73915511373484,GREEN
dev_green_0198,single_leg_balance,95.9547444494649,88.25914011556802,84.8115794452004,71.93685559356264,90.13388934381314,81.55508189395698,2.019598519702666,71.94917370030008,91.42858224477595,GREEN
dev_green_0199,squat,93.17158872798683,86.300920829709,74.90461934871652,70.75181565960015,85.86869172739858,84.92884246002876,0.09387864641713972,90.07716880680954,81.5002961813535,GREEN
dev_green_0200,squat,82.11799316051687,97.42782723357769,88.82349555004178,86.95979150801207,92.95284014771882,80.87361630529283,1.8356071107997336,87.32590097437823,81.30163491501273,GREEN
dev_green_0201,single_leg_balance,89.04820835170193,86.31739927213329,88.07856566220894,92.41487017225033,64.66272095442346,97.33213992457082,0.0,80.45555876999487,96.25348034257755,GREEN
dev_green_0202,single_leg_hop,75.73669812271321,84.43757762969997,92.21524597056495,72.62796375561089,97.03192880769613,88.61428530670398,0.48836513651332303,80.75196434927578,75.82775658898359,GREEN
dev_green_0203,squat,92.0635764060097,95.39456685857704,70.24671092899163,84.77126305184532,81.09451470124579,98.0545697792156,0.3148909700609368,100.0,85.66705260483063,GREEN
dev_green_0204,squat,81.25908071193506,86.1902869553893,73.80305278387596,88.758614877843,78.17667559446525,73.73743653883268,1.3823558820670097,69.77429423223906,78.4783913193248,GREEN
dev_green_0205,single_leg_balance,79.63627977977652,85.77270356784511,100.0,88.45129253735657,89.96296807196266,76.56521192560393,1.0806405529993859,87.93772366947361,75.75471087086993,GREEN
dev_green_0206,squat,77.5811238986928,89.28180318480895,79.31158688019553,89.31456527505533,82.87607942515659,87.10374461050344,1.5402568990442158,79.39051018347828,90.85093868497113,GREEN
dev_green_0207,single_leg_hop,87.66871862386198,90.468316328481,80.55633333230433,94.37235224415997,86.11332604948655,86.85311898521844,1.9151590328769386,100.0,72.59643791978796,GREEN
dev_green_0208,squat,72.74780187133327,92.30363894937175,96.60066262086984,91.90934819573846,89.36500062831834,85.07685371837847,1.8341519205374097,83.73143466136979,78.14023392068644,GREEN
dev_green_0209,single_leg_hop,83.97087069167591,92.19028696375864,77.86226345175487,81.54974543452252,77.1180524992626,91.73507518262227,2.3998555881637667,88.08494399812865,95.65170492728666,GREEN
dev_green_0210,squat,88.74407656156029,92.82302455382538,83.26767984465434,83.75342537496282,100.0,85.83634314102544,1.06753451776752,89.90608841105096,88.51854415295006,GREEN
dev_green_0211,single_leg_balance,76.1664591667277,97.73606952738243,83.24644339719333,79.11255123827424,97.51027291483099,93.37972900117308,0.40900380885729426,100.0,92.58797368366193,GREEN
dev_green_0212,squat,87.11508448680749,90.8315015493758,78.71759907182408,92.65480351445663,91.81282373859185,89.10276097922798,0.9310150107456368,87.16936868749467,85.30201214237862,GREEN
dev_green_0213,squat,76.6656797688606,82.1691258920549,88.52122703047816,67.18489347958649,89.64328421569007,85.65341859572322,3.239071267567901,81.55878611761511,92.59484214251896,GREEN
dev_green_0214,squat,86.79623707440301,95.42101918552031,80.29955426940336,95.97243907598724,80.05041698314814,91.06214989790865,2.814903695066638,91.94033742611302,100.0,GREEN
dev_green_0215,squat,80.65592477882538,82.72510449190847,76.04531913203904,93.28354053238749,91.98338347415503,89.71579661753191,0.564747245982157,92.90180563996155,73.75295222349459,GREEN
dev_green_0216,single_leg_hop,100.0,93.19870687942931,88.66486508526195,84.05712184883552,73.51829343130547,84.78096445878845,0.5978152347913757,72.97695881226485,100.0,GREEN
dev_green_0217,squat,87.91003762618041,93.27812548368391,81.52782107843001,86.61703134045251,95.71640545791466,88.77364016913349,2.3837633318272062,84.23596131939486,82.57847109267952,GREEN
dev_green_0218,single_leg_balance,72.1557565634301,89.43062859360158,84.45197353594587,77.71095970632967,87.72420107972293,89.37626794093352,0.0,77.76387806468449,90.07263893735468,GREEN
dev_green_0219,squat,88.7094111057702,84.07795050160144,85.26758440399787,96.17925780288378,94.21658367192718,88.33299949090245,1.2852260553432784,80.33589964098945,90.67819782909658,GREEN
dev_green_0220,squat,90.4058280427154,91.7912428787269,90.55011160277954,88.7567402636616,94.27750972905349,95.09575939256648,0.9150207067527051,69.7267035781633,100.0,GREEN
dev_green_0221,single_leg_balance,87.79661111498584,80.71308462702328,78.28944402225031,94.17499433895863,85.76258535093686,85.41557006476611,3.3409700463442635,76.5744156825457,78.01846642245167,GREEN
dev_green_0222,single_leg_balance,88.73318452437718,93.9780582060444,91.28990435655157,89.58862896545213,91.91507151150728,87.18553518479442,1.8689681335603856,86.96780762048272,88.15098135819036,GREEN
dev_green_0223,squat,91.40777865307932,94.33087409166899,84.35373602320146,81.52699212047168,88.54137006450168,88.80387550572979,2.0124997377945184,100.0,80.76227221458765,GREEN
dev_green_0224,single_leg_hop,93.47923447071008,91.5880114845963,100.0,84.97568566614818,90.59271377856038,83.40835978574913,1.4133227913423776,88.24040519356993,94.46304062307729,GREEN
dev_green_0225,single_leg_hop,88.23366383816501,98.55468909600842,83.24027751525863,85.34265176128795,100.0,91.75966354609422,1.0085702994235977,79.75162613976738,76.57320085468659,GREEN
dev_green_0226,squat,83.4493589497473,91.76417485393891,83.49193060449385,93.85193926352747,81.22604725692784,81.47099399699889,2.0467270378997537,91.40863356229907,89.32532313097641,GREEN
dev_green_0227,single_leg_balance,80.3338238963187,95.06490905254836,78.04911258323493,83.82769084170893,80.44837180222399,98.10810844056422,2.4967636951300842,91.44494038110986,98.4721142114245,GREEN
dev_green_0228,single_leg_balance,74.0354172726289,86.56974051473735,79.07059932660381,81.19344302093846,79.3793340191703,86.90242855161245,0.4617359131816545,89.01538130783672,86.51698321428614,GREEN
dev_green_0229,squat,89.36720065334559,94.04637070982952,88.8240548274134,85.01272850540894,100.0,90.64101781537468,0.0,76.97861828810404,68.59497010972184,GREEN
dev_green_0230,single_leg_hop,85.14736343162666,88.18944581260325,100.0,92.39186299261529,93.80878689157068,82.48248558440528,0.7009406195358865,86.3312494918726,87.73007139652226,GREEN
dev_green_0231,single_leg_balance,73.00581903019881,89.9181578629028,84.11257666298803,86.27880667383097,81.49287670122659,85.22325372655202,1.6054548870699243,86.81720021249043,92.04791582550568,GREEN
dev_green_0232,squat,83.93956593530925,88.26306282330785,87.50124538827446,92.88675933128684,84.52639653392892,94.53275433876321,2.8775438752715705,97.62517819092805,100.0,GREEN
dev_green_0233,single_leg_balance,79.93508702938392,91.08338925599507,84.09022157294928,87.21541145173994,82.80589664311891,78.6010659773825,1.9019473906319042,79.08479906406879,86.85993480747625,GREEN
dev_green_0234,single_leg_hop,78.30239157908962,92.40579016226138,85.20737221445196,92.63425577056746,100.0,90.94102671847592,2.3335899437705425,76.30194804019408,73.13092559463625,GREEN
dev_green_0235,single_leg_balance,97.07980612741333,85.45912132040017,75.64844742825086,87.68720863026758,87.2784606929809,82.68245445489696,1.46452945941559,97.06438145885093,77.94006391168202,GREEN
dev_green_0236,single_leg_hop,92.59815534629854,93.95378147162822,79.0358510348107,75.34266387098465,82.0430131484915,88.6170689420551,3.082239298872201,76.67076222617308,85.15480118488527,GREEN
dev_green_0237,single_leg_hop,90.72601261926428,76.71239595926848,92.2702893435112,78.5403954223485,90.65596394765548,90.72678204727521,2.9930450306102294,90.95831942804186,62.22709508270019,GREEN
dev_green_0238,single_leg_balance,86.96743590547295,89.83012068328128,87.82088583805417,94.31493244535764,92.86761389143743,87.50007540211874,0.0,81.90066876030664,90.16368148138955,GREEN
dev_green_0239,squat,78.36686923214666,94.78764838072945,91.26714637813843,89.01493581036674,63.48976106950083,80.05338146101738,3.87480807441169,81.0811598627446,66.15856776871004,GREEN
dev_green_0240,single_leg_balance,86.09348914080572,97.62964293374635,86.21566940175492,91.66847308969736,90.90407398171614,93.882418183447,4.305173493411709,94.7390570236327,70.19660682154465,GREEN
dev_green_0241,single_leg_hop,89.12663060695232,97.8488846086193,93.62160645228917,84.5871601355272,97.31955556150503,95.49419679685843,4.629769180666703,79.2499843737634,80.92599423599574,GREEN
dev_green_0242,squat,82.56844494972857,85.65987550141838,61.89859595461006,84.52240421021493,90.95486447759923,85.54744708145863,3.928919301882021,86.12038231444276,98.91029055184136,GREEN
dev_green_0243,squat,87.82994288910977,95.95844385935955,86.2339324314685,98.9502770552285,88.4475148010592,92.4728449566215,2.202966227015048,83.40543087685413,90.04982318924677,GREEN
dev_green_0244,squat,84.1072214053319,93.51678935711949,94.06223160695555,97.12202624755425,88.09373134175492,72.31627907929847,2.368373100513313,66.02473167239253,100.0,GREEN
dev_green_0245,single_leg_hop,87.18631709835283,96.99804411923193,76.78311089455158,75.57994021359957,90.08603507312934,88.764775920307,1.2593050912271178,86.76195152659487,100.0,GREEN
dev_green_0246,squat,93.34649024104323,96.06362134932013,95.83569715081754,86.47942661679404,71.56190953859765,87.67989706895793,2.692909280996152,77.27179644396433,84.2363404951067,GREEN
dev_green_0247,squat,81.15761179898381,100.0,89.99565612325252,93.21232496515167,92.97281050496777,88.73925523213511,2.0173119107802537,75.33333877520914,64.13558021249432,GREEN
dev_green_0248,single_leg_hop,88.267931793905,98.25558741055227,96.57068652865894,100.0,80.01581125364898,86.53414475535162,2.3283677254695174,100.0,100.0,GREEN
dev_green_0249,single_leg_hop,93.83578013398866,88.67327226670426,76.93440295075901,94.31126306706591,79.19470988612512,87.33094554313789,1.6737442560978852,100.0,82.45302697040323,GREEN
dev_green_0250,single_leg_balance,89.53111253363728,86.80586888137644,84.34104819550197,87.30636239326302,85.81036803345785,94.53238407249293,0.11384863381202193,81.34687197541076,92.84037913117382,GREEN
dev_green_0251,single_leg_balance,81.70140657258942,81.34715974438016,89.34844274605389,96.98475704353231,87.64003833885594,75.27408081071327,2.576566721368698,71.06100906722281,89.08799276848166,GREEN
dev_green_0252,single_leg_hop,77.88112499963124,88.34853989752186,82.53361954858192,82.84633399690841,92.70962622572121,85.87751435078816,2.878209958839004,88.53055849079132,79.02442793403692,GREEN
dev_green_0253,single_leg_hop,79.93842081317399,81.11502220571536,86.32586542293458,85.16329962198914,69.02243577549189,85.2499958906142,0.8088625678195528,100.0,68.9722138810669,GREEN
dev_green_0254,squat,93.7697875017399,99.14057894478378,78.04013649019487,82.94331341752871,92.9298831724265,72.71030142138284,0.0,83.4733993923436,100.0,GREEN
dev_green_0255,single_leg_balance,82.94988938283282,91.60562075041092,93.0703141805121,100.0,83.38521221481349,88.88214293386602,3.804260743477127,72.30020652327714,96.27581070553822,GREEN
dev_green_0256,squat,86.7173065697221,89.54428571559835,76.33590719439016,80.1351845787338,90.21131491403004,95.96877529713878,1.6572901764926464,86.63101842859895,91.71174066291047,GREEN
dev_green_0257,single_leg_balance,79.19866858890929,95.43815505047753,90.55474477647797,100.0,84.99116647552334,85.79342738832311,2.64586245873112,93.37193752020924,80.64912846623288,GREEN
dev_green_0258,single_leg_balance,89.78791586752628,86.03449455559203,80.71572809587988,88.71674213894748,95.96750947857807,84.76780968674322,0.0,68.7506227923361,73.40586933293866,GREEN
dev_green_0259,squat,76.80782597260044,90.07233544828054,74.48895877121916,82.37796032143036,81.8073129201436,85.91644497406405,3.254754764675435,91.95752830487464,86.16129415276004,GREEN
dev_green_0260,squat,82.96737140363885,92.9664788197117,88.67335258681832,80.7390599511952,88.29184604491385,74.77866301935882,2.032885162587657,92.85934317762818,83.19931373119124,GREEN
dev_green_0261,single_leg_balance,98.71568897298074,85.7125693153837,85.7395233224261,87.71340202667236,87.19761866045273,88.19974482396677,1.917815533010419,93.6316286911733,99.77736236274744,GREEN
dev_green_0262,single_leg_balance,87.60860088063676,90.98649853297506,90.52252857737307,82.38586442986573,94.12764362180987,83.66605933321107,2.999725929696946,100.0,84.77916112028608,GREEN
dev_green_0263,squat,70.65219556434815,87.71156240053107,93.85500107431443,92.42461429620195,89.99130878940024,96.06067849168387,2.332898783173264,96.95952668706023,95.19423676646986,GREEN
dev_green_0264,squat,88.51157258734378,96.43155640896373,81.54298341531371,83.18831350752795,100.0,90.51343273425881,2.685368622448617,87.11366012970251,80.13484349080036,GREEN
dev_green_0265,single_leg_balance,86.0768802480768,99.61596410660628,88.4419205942354,74.30821472215632,86.27804434739076,100.0,1.5648234519650484,69.79569177439237,100.0,GREEN
dev_green_0266,single_leg_balance,85.5099099883104,88.77149358350759,92.65881543833389,83.66413279819047,97.18605139612791,92.79536700006979,2.069150118036085,87.30963324802036,84.25031963285822,GREEN
dev_green_0267,squat,93.31948084146487,85.807943007389,71.02459898535832,92.9155209831398,93.04990662453719,92.36168806758236,2.2485012065798426,83.11513659496207,93.87482704385525,GREEN
dev_green_0268,single_leg_balance,82.59020507429375,89.1286521264676,100.0,74.12019134363653,91.9983048343664,77.24622700663397,1.6809433278447294,82.09735263361232,65.14971703320123,GREEN
dev_green_0269,single_leg_balance,88.72326313303634,88.71977162684682,67.20634925951005,94.71654472619402,99.48004942391148,99.430870396076,2.194852084716618,86.41452324719404,99.28156620895797,GREEN
dev_green_0270,single_leg_hop,93.93498092012938,85.3507743866212,85.61075882571937,91.51612915433142,73.52306424866217,92.28552461734542,4.300291008577328,91.75942549220713,100.0,GREEN
dev_green_0271,squat,87.28040311090093,90.56069005609707,87.0501711206478,81.47338681612455,80.2897985021249,97.86413190018555,3.3095765771531704,77.08004315971385,95.67998804553865,GREEN
dev_green_0272,single_leg_balance,88.37866002143302,93.76131183661037,91.95480374499455,88.66174561490551,99.28129596241548,91.16588987831948,2.486602699716486,78.50063667616479,100.0,GREEN
dev_green_0273,single_leg_balance,89.28877446243476,95.27798455207059,71.13451351030767,81.41838381536719,97.90306950334984,91.00823782804824,0.0,95.34460936085438,80.56217195647277,GREEN
dev_green_0274,squat,85.3851502497741,92.22824011612317,93.43163662873319,80.8200562331627,80.05722553732848,87.62451105721325,2.7098900795833445,74.02210472647859,69.31965400110903,GREEN
dev_green_0275,single_leg_balance,91.76604648930655,87.38213012459798,80.86219189663774,73.14551678447867,82.56816548518414,88.94702892358194,2.8234156433851814,79.05892850388825,100.0,GREEN
dev_green_0276,squat,81.21835738890378,100.0,85.69168121891134,83.5838021679074,86.75893495055526,98.47151504279441,3.41282310158825,78.6488613865677,85.57566189920892,GREEN
dev_green_0277,single_leg_hop,86.631097793673,85.08255933690042,83.55451957880004,88.0425828836136,97.12167583149389,97.4519751981784,1.4378696618050912,84.07442170525269,92.64292302055635,GREEN
dev_green_0278,single_leg_balance,90.12048106216182,90.47256107578471,76.24481137809103,80.34530629696283,99.57646956824881,87.90504964599691,3.604389503288142,81.37727365356581,88.91205201131493,GREEN
dev_green_0279,single_leg_balance,100.0,84.65567953202033,68.81748400080178,98.29272105029787,81.38552715685542,88.85505545125636,1.1554899685032565,88.41346502859784,76.49463792814258,GREEN
dev_green_0280,single_leg_hop,89.14870728589574,84.95014668235443,78.39932776283288,85.22093733121174,76.56947652618977,86.04207312040877,1.930676193893192,82.40405952570414,83.28623507068275,GREEN
dev_green_0281,single_leg_hop,85.8606883036539,87.06553922540611,89.52850052693502,99.48782499841421,84.28495686243642,92.39638762034394,1.5364211290218883,89.28938610534654,100.0,GREEN
dev_green_0282,squat,73.58609822833223,93.72397378868175,93.86290994647207,86.22723064001518,95.96507844894266,84.16919121193638,0.1659069245254987,87.27052116949376,68.43523279253685,GREEN
dev_green_0283,single_leg_hop,84.32160290974485,98.72105357587301,68.72189675402976,77.76402563268881,79.74374203870738,88.55676098202328,1.3977115357891698,98.59222743526479,95.54348329091698,GREEN
dev_green_0284,single_leg_hop,87.01941220040719,93.35937866190896,77.104141157493,94.8576828284529,79.10364596512639,94.84763895731561,3.1047567523307142,87.89778141879279,84.23786941038024,GREEN
dev_green_0285,single_leg_balance,88.80216935816772,73.83088977939596,86.41806574788369,87.09316801728154,87.59497509554407,93.94572759028479,1.7177541862787995,75.73813829013957,84.58597329174621,GREEN
dev_green_0286,single_leg_hop,86.80453738106709,91.97151620371041,92.31495235934842,79.31172357572682,89.4056036493188,98.0295078903277,0.0,87.61682012702049,80.14621498026956,GREEN
dev_green_0287,single_leg_hop,83.40502730868826,85.57115498071347,82.64359427439645,100.0,77.88455711058229,80.81272998264821,0.36787197282014494,100.0,81.37660294478712,GREEN
dev_green_0288,single_leg_hop,83.18051941225632,85.33346272958146,82.11879482708451,100.0,99.13656736779404,83.02943527545409,2.5123315133678545,78.51629504600261,68.23632361153778,GREEN
dev_green_0289,single_leg_hop,93.1365764236524,97.9605570798613,92.3684180083832,84.24107800624341,86.66579412798411,94.24835887560687,2.230645641082918,82.4572627583266,69.80928179881835,GREEN
dev_green_0290,single_leg_hop,93.55306747465279,83.81447026579505,89.11007505340781,90.65233356106954,94.00118610585866,95.10382849803305,1.0360882338821118,71.44736539851549,80.6648047431712,GREEN
dev_green_0291,squat,92.22389122268905,87.74797657884417,78.44765340913887,73.42919726460289,100.0,94.77999548997717,2.646885579402241,94.70952848101527,91.76708361543402,GREEN
dev_green_0292,single_leg_hop,84.85365127114459,88.43461381244725,100.0,92.44729625039554,84.28959646918852,92.25847741916395,0.6880441903580508,99.54056046730304,79.3893090419286,GREEN
dev_green_0293,single_leg_hop,89.50759802835726,97.39586577845881,87.07814835363995,88.7557599345571,88.08641667884812,88.60491232179025,1.1656316621797476,81.95464913207266,100.0,GREEN
dev_green_0294,single_leg_hop,80.49942611432058,87.90221441883095,92.80296544557778,93.40485306531583,92.48263342585805,87.19735160763146,2.4306987171902397,80.20794987544417,83.40385968654226,GREEN
dev_green_0295,single_leg_balance,92.78863141174222,96.24566607351439,76.14472123239358,81.1557883767314,88.86961722250727,100.0,0.0,88.50499645613453,72.23956668426851,GREEN
dev_green_0296,single_leg_balance,83.4490010735503,88.47694993937866,79.72963248272633,88.05765648301096,83.71795546695537,78.76279830602093,2.657856573775054,92.77584950433993,94.4317431002267,GREEN
dev_green_0297,squat,75.21485852615143,92.7935089155049,89.40783084645538,79.75038345248332,88.07338598545704,88.18613348282744,3.8263657244250906,100.0,69.356436066698,GREEN
dev_green_0298,single_leg_hop,79.59341995192673,96.88403976596456,91.76398384690985,80.03447818526554,91.94614235071279,88.24726379013755,2.4097630050956296,88.07605072142563,97.96339485370247,GREEN
dev_green_0299,single_leg_balance,86.52779680202244,89.99275558344213,92.76851386445745,92.64316771886882,93.8545071545671,84.34789329418982,0.6502109404616785,80.89050071072569,79.79178614319412,GREEN
dev_yellow_0000,squat,75.83188835205836,72.06921826280559,78.44735215059482,78.94775515012104,65.94719133120431,63.246757599198716,6.732914314379094,62.45084384074433,61.26165196430975,YELLOW
dev_yellow_0001,single_leg_balance,66.62276482075401,67.66125804221682,55.25088455747766,73.0629465884583,57.73279156882704,90.41671860297777,3.805319059126273,51.683557725167674,65.10138715613441,YELLOW
dev_yellow_0002,single_leg_balance,69.45212759860256,76.43345452112365,52.251620660330325,62.57990763446587,55.41107416689947,55.73467905036483,5.128678257426276,42.814551405506094,46.77804033912551,YELLOW
dev_yellow_0003,single_leg_hop,65.23964344190607,68.01228498429354,70.17126801765654,70.44464153521984,71.15038996748365,74.26668612898875,6.254894068297519,62.98273439991851,63.034669008166695,YELLOW
dev_yellow_0004,squat,69.99159688173718,70.61683414049756,64.34045972528183,61.459532813360276,67.37293463927864,68.34189378140391,4.2705088742995585,57.03979662607867,47.89601272217212,YELLOW
dev_yellow_0005,single_leg_balance,75.8518893886604,73.47170601719073,60.09759984341384,74.46838199681615,59.516409521645016,59.15449561091437,6.123344518141046,58.16612709390498,55.91100909791211,YELLOW
dev_yellow_0006,squat,76.99812455953081,73.12022374519788,57.407062990838156,72.35101603289745,60.12008220590621,82.21546780070626,4.9987683058023205,42.884680518912006,63.57364972155674,YELLOW
dev_yellow_0007,squat,82.6121845458216,82.45552173127234,81.64763431005252,59.84191851694829,71.29721916781423,63.94603822184302,5.246718339358617,51.54342814134241,53.555442351172836,YELLOW
dev_yellow_0008,single_leg_balance,75.28988696099832,77.80431473001794,69.21455783464657,57.196628655556914,61.50688452840224,63.77718461940092,5.9566433323639405,73.60366367535465,70.56385586030883,YELLOW
dev_yellow_0009,single_leg_balance,63.71346406408085,56.56280126626312,52.86430481495957,79.37301582465767,60.78996048544141,63.744927672144215,6.806926322779858,74.38643950939495,60.244487219197865,YELLOW
dev_yellow_0010,squat,68.07529151030812,74.3629767903248,79.80037825055686,71.37973939389781,69.80823226431313,77.1848907634912,3.713356398873139,69.79375703226638,57.054312453383886,YELLOW
dev_yellow_0011,squat,51.38733362959064,60.230982748085125,58.855059107850515,72.24978582874066,64.91039652272237,70.29056695022965,7.146037830955361,51.57819346626169,59.72566645816276,YELLOW
dev_yellow_0012,single_leg_hop,63.846088184231654,73.16996047049764,54.20040532732524,79.27924973820022,58.54708357975653,83.21980115344952,4.964278243690799,72.25248208859264,59.466971310088454,YELLOW
dev_yellow_0013,single_leg_balance,68.78479317417629,69.49582400066795,67.95299143493023,70.54398955531238,57.72593192867856,68.12468908898082,4.328891247337175,83.69697662653354,59.10269230088382,YELLOW
dev_yellow_0014,single_leg_hop,67.63064368434618,74.55572584920945,56.429087426837846,64.42341926505708,65.68427736631398,80.10202681671907,5.244181055443899,75.453483250737,66.4072911020292,YELLOW
dev_yellow_0015,squat,80.3918093762528,72.64574669616967,86.12178168521443,64.11683037668702,57.86830532641865,60.52963005217676,7.564127138713877,70.37502815356108,56.658792666196916,YELLOW
dev_yellow_0016,single_leg_hop,73.81384529582448,84.79676482825354,54.61733733808071,65.87711913348596,60.299828928457394,55.18422126513979,6.166359925257663,60.56643099776977,67.39631204986563,YELLOW
dev_yellow_0017,single_leg_balance,85.51840354030728,70.88053784903435,63.63077613874276,68.94931335779197,71.89797882386728,65.03300882282895,4.305942243154656,72.5147034321723,63.786393238380356,YELLOW
dev_yellow_0018,single_leg_hop,65.28057566571805,60.731630421971076,57.19686560424714,80.00988691061768,67.2154262646305,63.66462848273926,4.8125493770415195,63.11913005521503,67.35733360280163,YELLOW
dev_yellow_0019,single_leg_balance,59.492156235988475,67.95430516797725,69.18364603890711,67.2013233560364,68.57487346109367,60.39344821848282,5.392841543898453,72.82425257439725,64.86818547149284,YELLOW
dev_yellow_0020,squat,68.32881478203821,67.99089308337099,66.42401126048169,78.07764682304325,63.047771947198996,62.77137207456113,4.458528202358075,64.80765267548337,56.26486002819153,YELLOW
dev_yellow_0021,squat,72.39712298144198,76.13706256449419,74.11186544323718,79.38847577812027,71.96686979497889,62.46032655096428,4.0061121087661,62.31805671186158,55.48824642760586,YELLOW
dev_yellow_0022,single_leg_balance,65.90815744078904,70.15292239828577,61.625218081910354,65.47368411075996,73.42760680254665,70.39466628874467,7.718989983661016,64.53457367417684,57.09934226062748,YELLOW
dev_yellow_0023,single_leg_balance,69.02893017858406,74.53895187066124,70.48203165736851,84.61369060687218,57.23743628017945,75.01332240724415,5.2285256573755365,48.86012031686444,67.70698782094763,YELLOW
dev_yellow_0024,squat,62.99976517355799,72.94639679264817,53.19716590393837,57.92954832252531,72.38423662093803,65.73508445794796,3.780316727568157,65.06514328012587,54.77587568568977,YELLOW
dev_yellow_0025,single_leg_balance,65.70424839557124,77.43595615404942,57.706133128525224,60.757078298545345,65.23263993719095,75.78586853523744,6.361976331638835,57.01444451674539,69.37376966919648,YELLOW
dev_yellow_0026,squat,81.7834654283476,66.19737384748163,77.62783048633385,62.74811114545021,80.1059716383568,73.13924510196739,3.8823818176509555,58.29985368411744,67.81181205223741,YELLOW
dev_yellow_0027,squat,76.36851092330893,72.57570644965323,67.35726624770773,74.06682426115252,65.05438741608656,59.94546598463137,4.105728572895801,65.11607948836499,72.15482416497693,YELLOW
dev_yellow_0028,single_leg_balance,74.45670594540016,74.72374456621819,72.99051108785982,62.665993198345156,62.77415231793429,63.23108495062366,3.6263831282215175,66.00194110472584,61.85513306584743,YELLOW
dev_yellow_0029,single_leg_balance,73.81356739156308,76.27667098535468,68.94115417059089,72.45293332542043,63.658535230180185,71.8902397665568,4.201241157045004,66.32735333075217,66.68417685286009,YELLOW
dev_yellow_0030,single_leg_balance,69.36282469294993,69.25838494222384,62.78794642787108,59.00056515918276,74.12619940133244,76.45979622304033,5.5911772396500705,80.74976356749433,58.10754303431608,YELLOW
dev_yellow_0031,single_leg_hop,90.22233690577444,71.63482350782068,69.04154681404813,64.81777668847833,66.97860448048245,74.84930449520371,4.874691967641608,78.99047862405858,62.39149284633461,YELLOW
dev_yellow_0032,single_leg_balance,62.63701613840398,75.51099444730231,65.92778223352508,63.134082165301706,57.78820473481309,87.7023436582968,4.710175024803061,49.88713121296859,53.01778540267428,YELLOW
dev_yellow_0033,single_leg_balance,68.6390251236665,76.28000219569891,71.4383721738025,73.4129164142122,58.841117546901366,71.38308310451082,4.036334589478364,57.4232131528739,50.8229102549974,YELLOW
dev_yellow_0034,squat,76.44946642200605,77.13167020587332,74.81332295982504,68.31450452819438,70.21446159092118,56.67097416750219,5.949396269849891,64.59407847004528,66.27109600149166,YELLOW
dev_yellow_0035,squat,71.66016309334029,67.07766907277868,55.015681796871625,62.30356667053629,68.5193382501833,73.83063990622777,3.495263494879951,54.170105692786066,52.76764314059161,YELLOW
dev_yellow_0036,squat,59.46564418403143,64.4676894031592,60.42531762873957,68.69003068980004,54.55524528197208,68.18937543019764,6.164408097755997,51.28398236327841,57.9355424158946,YELLOW
dev_yellow_0037,single_leg_hop,76.17329713625541,70.49038965781715,62.41064247313265,77.30796651445179,61.550383368227614,76.73146517643897,5.4718619302399185,59.914398123811466,64.7969053059753,YELLOW
dev_yellow_0038,squat,76.14617974701731,69.7099267728099,67.32964853425295,67.5078745631629,69.63318513311827,61.82374563889077,6.118674753061642,67.19695894953375,46.83074926367054,YELLOW
dev_yellow_0039,squat,77.4578397783635,86.40455848478639,75.01467175639526,79.41587813781176,64.6829710528207,57.36946556183043,2.9714675037157225,65.29573839480983,54.0802119227002,YELLOW
dev_yellow_0040,single_leg_hop,68.56077321221927,76.69351172716773,55.377939625902826,64.40897903775692,76.07896546496252,61.47298133845038,5.956737305881452,58.63742314605906,65.45793759849953,YELLOW
dev_yellow_0041,squat,76.68129255042007,77.44769060191012,74.27327681771101,58.78725173273635,72.90927765393039,63.03114819755626,5.2854959421286924,65.32421568297504,64.85122558869581,YELLOW
dev_yellow_0042,single_leg_balance,63.093330150326935,64.9007955262257,73.97878943969415,69.48667662015133,73.19501472766254,68.68686946068492,3.454319203255343,71.69516712903696,56.29629390338893,YELLOW
dev_yellow_0043,single_leg_balance,71.39402420194715,69.11524342912288,80.15441368186953,60.98748140653443,61.3005619671506,69.75214091888121,3.798599440204346,65.97467575728835,76.1191047746749,YELLOW
dev_yellow_0044,single_leg_balance,71.76599973322207,56.503387683768665,66.68856639612127,65.49566171259036,57.45201918071692,76.57015328739972,4.641131950213789,61.40270261615771,56.22807125210929,YELLOW
dev_yellow_0045,single_leg_balance,55.58228889764446,66.20808135953823,74.68874788896173,51.12039482496023,57.869477203074354,66.20195960597165,6.917984054020722,69.91743388946732,54.428294729469,YELLOW
dev_yellow_0046,single_leg_balance,63.816389256492165,79.05459882240403,56.12898203261587,76.58606265431325,60.750930836232115,61.80047031341111,4.761142025616055,65.49609761748194,55.05251569474288,YELLOW
dev_yellow_0047,squat,72.87767454196727,69.5020366980156,71.96297915145087,71.53777649629279,63.51261556233652,65.91032381343835,5.1666948753417925,67.9522836873033,80.6179915273161,YELLOW
dev_yellow_0048,squat,75.83192964871088,91.5310731691617,71.12766781414275,71.87714809049362,69.63212059457324,61.93723815688223,4.511708199939368,58.444476599769,66.47613977219562,YELLOW
dev_yellow_0049,single_leg_balance,67.78077806445161,73.82934055284582,75.69963696118772,74.90520590963311,62.70623197567002,64.31003432185244,6.2488022048185075,69.9650206281888,43.937431817046175,YELLOW
dev_yellow_0050,squat,70.15860823411734,77.6729783027262,74.28081195951818,70.27124800940379,68.68198025087085,69.44895761664708,4.258763143001383,60.648620480628715,60.18991186640108,YELLOW
dev_yellow_0051,single_leg_balance,68.75724524986987,61.686562573339174,63.82013332056455,68.44964522471321,61.74904006475439,67.2722334314189,5.536790507885046,53.289385316562296,43.71957786048789,YELLOW
dev_yellow_0052,squat,74.34880083851253,83.12531823691984,73.25702591275792,56.25388992104922,62.14106208498583,70.7964406675707,5.195350228615951,67.85374097648587,50.829510535392394,YELLOW
dev_yellow_0053,single_leg_balance,69.4546016128552,75.52193697865677,73.60536762642927,61.554254667097666,61.238745062056815,50.07327623948662,4.316391835664448,58.28026596326061,49.804154918325565,YELLOW
dev_yellow_0054,single_leg_hop,68.60838197568312,59.44471673453433,68.72406375441405,60.57340695368778,67.88551167352412,60.02704126589934,5.0330071923840345,60.451530040021446,63.031018849503305,YELLOW
dev_yellow_0055,squat,69.87288094355942,71.46901494987128,54.70982148764604,56.182336292311746,59.32890448726225,68.94204081249289,4.330927258080971,68.62690737521518,57.207790807883164,YELLOW
dev_yellow_0056,squat,67.05332594908464,74.35515901789931,69.59907775059668,83.02703305594504,58.648725279972645,68.4856493688672,5.468736341501369,62.78919336719266,54.993818540113466,YELLOW
dev_yellow_0057,single_leg_balance,58.1551997655903,69.9349926456819,58.41038069825759,54.187146551009775,57.63456926663531,61.67035795463482,5.642165199822243,68.40982653672864,50.96120710419125,YELLOW
dev_yellow_0058,single_leg_balance,55.992301365212256,70.03396029890384,70.19185520561877,74.59950311691283,58.29562334646949,76.36298402369263,3.3327388863351812,51.77134980770587,67.09661865637877,YELLOW
dev_yellow_0059,single_leg_hop,80.69784859994273,75.96059192910218,66.6772609077279,50.43853002782233,47.82042355165217,69.90586675827109,4.606131063471708,53.047483360630935,60.65532580830051,YELLOW
dev_yellow_0060,single_leg_hop,75.61091107978191,73.81961369807621,76.82715494667508,68.0639522363905,63.07732004154131,76.45018530373028,3.923715031954422,88.33002707939545,63.752574781667356,YELLOW
dev_yellow_0061,single_leg_hop,71.66580476986371,76.15057584383558,82.01709180265314,74.34005929338085,51.15955216796861,78.82429269337253,4.625013762610481,63.96439565555391,47.20746027824734,YELLOW
dev_yellow_0062,single_leg_balance,64.44037996952713,73.60101782796085,64.72720795711373,83.40010241388681,79.85808240116472,69.32559219150319,5.0703754825057405,59.639013302854366,71.06006291502786,YELLOW
dev_yellow_0063,squat,66.69756090766636,70.47197635212581,74.82874290931971,63.69360723746681,63.69795972441175,57.93082452942305,5.774609379635484,80.46780245263682,67.21225372799792,YELLOW
dev_yellow_0064,single_leg_hop,63.07728504675868,74.4179456921692,59.45472060504488,66.17787563534925,70.17769181882004,69.71274429172308,3.446094875138656,51.16473805016022,46.18836068509226,YELLOW
dev_yellow_0065,squat,72.44016812957713,85.38336721394,77.8996659520017,52.83211840683148,75.36860750455827,75.55480291910253,3.3001700599183663,60.271185449605525,70.9552241149581,YELLOW
dev_yellow_0066,squat,59.836334633284096,76.66445293477716,49.8999952313553,66.2174225939423,73.10365415520039,69.12875950899924,4.45116869504186,71.00411628395115,69.74751815086582,YELLOW
dev_yellow_0067,single_leg_balance,78.17027785006866,78.24605457067833,75.65099835149718,73.86326845950028,66.12422919293178,69.6265629983467,4.739014308992858,52.08868536246247,50.44688491180192,YELLOW
dev_yellow_0068,squat,70.690165117217,81.64487558802558,66.6656221769959,76.02781032702131,72.63452525145696,67.37987241617846,5.654159232507203,60.808247624476245,73.22135894078477,YELLOW
dev_yellow_0069,squat,73.45090336786153,65.85709747186986,68.29219721723078,81.18489729459104,62.55015172362639,72.13400521066548,5.60046672151306,53.670393907518594,65.10707949213514,YELLOW
dev_yellow_0070,single_leg_hop,64.62063125519023,79.45433780496515,69.85405032246686,65.56417753802778,67.5716881699615,68.57935426571407,5.013836352587017,68.91136674048124,52.72632259340868,YELLOW
dev_yellow_0071,squat,69.28235483888284,71.12639083236009,54.315173003197955,60.6363539500056,76.54565157651066,71.69306320209664,3.544052868458472,49.136810617364304,58.87836099889416,YELLOW
dev_yellow_0072,single_leg_balance,67.69269305636954,80.8419973204241,69.81544616654926,71.77000366276715,53.314235925563445,75.56266045224831,4.631574758999032,70.76783208249817,51.85830018013887,YELLOW
dev_yellow_0073,single_leg_hop,70.2393454325694,75.11201772362578,65.76773346739307,71.23636154468926,61.86882339845993,64.45658172871104,6.766031721073361,72.44057579725298,52.39135254951823,YELLOW
dev_yellow_0074,single_leg_balance,63.80124801709193,65.89189213802605,75.2704755311918,54.36720299482076,71.41484730861232,67.2309438119886,4.767298736611418,66.68776097660961,65.81198811994253,YELLOW
dev_yellow_0075,single_leg_hop,63.215597762197646,77.30635365250038,67.9069643042018,57.95156165705569,62.64100413136209,78.66895310891248,6.844254278070267,69.4561361184781,48.0965651183163,YELLOW
dev_yellow_0076,single_leg_balance,74.95602632701434,77.35424789991234,73.27963430950335,70.90610463398025,63.42070128935565,64.74142752867188,2.9122709296483538,66.05677590042016,61.86052843652188,YELLOW
dev_yellow_0077,squat,72.90303089977371,64.97473784024264,72.16013351452048,84.43636075696622,64.62760104622329,68.56834276555422,5.339902591694271,81.29103322239304,49.76352238300109,YELLOW
dev_yellow_0078,single_leg_balance,63.40239804391649,69.71797167493003,66.60327753694449,78.77858593290847,78.4079248055099,72.13699501238695,4.585745804674167,85.43464979974667,55.7244551867048,YELLOW
dev_yellow_0079,squat,65.00204859948184,62.35034173252764,78.16873255395795,75.74596473897036,83.34244428893157,59.27333653447312,6.603987888227021,63.63121966529515,68.06100216800137,YELLOW
dev_yellow_0080,squat,79.27657275865708,77.71910050799099,66.68871972171026,73.16090150128898,57.876037591662005,64.94391940092811,4.4902109250120645,46.3254492447875,68.61758494203367,YELLOW
dev_yellow_0081,single_leg_hop,77.34115529927797,68.79193510141695,69.78562412755855,65.8756762029661,66.62619169664825,64.6069593115228,4.0282323283036,72.46867397421369,59.36129414875507,YELLOW
dev_yellow_0082,single_leg_balance,69.32416975355898,67.44353175789705,76.81552701148752,73.04640131316816,69.81498290957138,77.33420475207544,4.281924076769626,61.85472021913241,58.28550168512207,YELLOW
dev_yellow_0083,single_leg_balance,59.964774241590675,71.41845909905054,77.69103566301459,69.89870483035078,53.2315093772401,58.109124118345456,6.831253664623098,62.18712890770383,53.525897942983825,YELLOW
dev_yellow_0084,squat,58.658845719778675,81.53857089706972,63.855576499311766,78.93921222190738,64.41321371557852,79.00672382197908,5.282363948947394,70.67909396582168,67.19093046088337,YELLOW
dev_yellow_0085,single_leg_balance,73.36303746376379,75.08760686309627,65.13719427107532,83.32347753258288,56.74450411923279,69.03015349640212,5.016374462728355,66.6219667800917,55.705273541054986,YELLOW
dev_yellow_0086,single_leg_balance,67.81810190357923,63.508284895372604,67.07641829005478,59.19547733575879,50.12491390040879,69.9581132448257,5.536671676221523,67.74028237894119,65.67170707019694,YELLOW
dev_yellow_0087,squat,55.47187685341573,64.83389843255519,82.78817149450937,59.62232991938371,68.88672824909351,64.19143664833908,5.087640013194321,57.300712179537655,65.61541154619644,YELLOW
dev_yellow_0088,squat,65.86197158449036,66.69896728191574,69.14219357994008,58.29824960765928,67.41984833696671,87.3853943632583,6.485187056388213,69.46513098204747,59.14392702258852,YELLOW
dev_yellow_0089,single_leg_hop,55.42873161097532,65.0662816245989,77.2623428488217,61.68195135900176,58.40598321468762,67.84044667021185,3.8317491152687895,51.959081389035276,59.495259272185784,YELLOW
dev_yellow_0090,single_leg_balance,63.81286994154774,68.31285384311796,71.17888171067575,66.14299447603715,62.57142425684917,73.17862128116218,4.843756430943766,60.49571608388544,64.7045035557017,YELLOW
dev_yellow_0091,single_leg_hop,73.67738490490342,72.11755900294837,67.64486220496417,61.74567816213337,57.1145356546838,74.38403251376765,5.489436268799084,67.09768594574919,62.80854348725522,YELLOW
dev_yellow_0092,single_leg_balance,73.87488323575938,78.61065256613671,74.28982404152518,67.19377667243211,75.09594183927071,70.59922477212625,5.695613811822378,65.53879101751392,62.470067074841744,YELLOW
dev_yellow_0093,single_leg_hop,63.849736068247765,77.20810503006895,89.76235515926112,65.00163940167933,64.56795772339959,65.87656314956917,4.463178108281872,76.90004530306805,53.27028982272535,YELLOW
dev_yellow_0094,squat,57.88755023388089,68.45432965274651,53.33280085637322,73.05443759369543,86.39757777469848,66.43324844444635,3.166566273710739,71.0999969798676,52.730750410698434,YELLOW
dev_yellow_0095,squat,78.09542851387478,71.30782571326033,61.945474487337755,66.5763395540345,70.0622140874895,67.40805558471041,4.453602826926924,61.21051557319015,47.28144815499115,YELLOW
dev_yellow_0096,single_leg_hop,56.49291384308563,70.33527127380691,73.07508167064594,70.42438626346174,68.72256458389113,68.54468029096833,6.286720799084069,71.32229277092813,64.46141004247674,YELLOW
dev_yellow_0097,single_leg_balance,75.4928204411948,77.50254132642146,63.48429189322488,57.24880870646933,67.362897006741,72.82262461582,6.199519190252422,54.57310852459236,50.93568940722837,YELLOW
dev_yellow_0098,squat,68.50183107802839,61.68543033657323,70.00086531003353,53.18061668008836,56.43794758501299,78.46176961002075,7.007366919587827,52.05909268375235,56.70608462587306,YELLOW
dev_yellow_0099,single_leg_hop,69.29835766155094,83.68736156548941,63.057048417404786,64.18492781573377,76.3898044677029,66.37647593097219,5.794421879863103,49.705713313988156,58.28767255907674,YELLOW
dev_yellow_0100,single_leg_hop,61.61196353331007,78.03520813091357,66.6007568713063,65.44715407557621,58.01000300815266,67.45540748731102,5.331224483810763,71.84624585815585,33.74853315903198,YELLOW
dev_yellow_0101,single_leg_balance,63.17767178016033,73.95457745313404,66.20909507230171,71.2270099402138,66.14032228901243,66.86592495904615,4.420461484414105,60.79048659238049,71.48742349822743,YELLOW
dev_yellow_0102,squat,68.5603529379923,74.10005328399052,79.48280743899566,65.59753393410949,71.67045324808768,77.62385582285515,4.929870308510287,61.10352918830914,56.70946327951784,YELLOW
dev_yellow_0103,single_leg_balance,67.20923806030193,78.125439163461,68.84807981804411,69.88231767335895,54.998211916961324,62.22756945837336,7.357791507254678,61.399568472401796,52.2522800442164,YELLOW
dev_yellow_0104,squat,70.97265984078487,76.46892950118713,65.89562339774773,65.45061527538557,62.643309020021675,59.32083280790961,4.903279849638113,65.66429769338356,78.50463233843755,YELLOW
dev_yellow_0105,single_leg_hop,69.6019934550365,58.994937746738174,66.24811653772304,89.91603306486644,70.93092987988032,63.32377739333988,5.650217165873612,56.321879175992336,46.46192480453142,YELLOW
dev_yellow_0106,single_leg_balance,69.64068507467204,61.76706698539962,57.80672567569091,68.08268450545884,60.73461459208837,71.76367889802263,3.663864839960582,69.4270237369797,48.16240902939805,YELLOW
dev_yellow_0107,squat,80.49914011356341,62.7054502937301,58.2595658369327,71.33896642425464,77.3138660119811,71.2053012528132,5.61914371220063,63.15783211505752,49.736015458848065,YELLOW
dev_yellow_0108,single_leg_balance,60.516631960131065,65.32774019333877,70.21399135455798,59.01457614329631,66.55643205378689,59.88724073445232,5.3260213221284305,58.60185687933334,74.06615533650644,YELLOW
dev_yellow_0109,squat,71.26603226905345,80.41469735796485,60.95482626859846,68.44914672195334,56.15130273506978,66.10476330078907,4.711685354980908,56.46727601381575,47.84497141154305,YELLOW
dev_yellow_0110,squat,52.62176319004822,66.66192121897926,72.01995117337475,55.21201174389374,53.05501722997356,81.53628999863041,4.299854345166921,65.88941408248353,66.42317146500494,YELLOW
dev_yellow_0111,squat,73.63768290846896,63.86611461635164,65.15152256080408,55.05418184385286,83.57054287128258,57.8358731518908,3.8473757592431976,53.634592306426455,45.0333952327712,YELLOW
dev_yellow_0112,single_leg_balance,85.95713530758448,70.1455052841243,56.43661482524472,50.10459601019183,62.04713025182319,66.7854420378699,4.2835742610038405,64.99237728578606,63.951731428154865,YELLOW
dev_yellow_0113,single_leg_balance,71.26158280556531,71.10325076818907,58.18702536340591,73.32666478245373,64.10011007537224,75.21850267384255,5.869083104419454,50.20414137857596,45.65777792542397,YELLOW
dev_yellow_0114,single_leg_balance,61.60614214196532,77.53151065585661,69.81047740790333,76.79347195028248,67.17189453928735,70.46054707311359,6.319702758378588,67.22754605761544,60.68100963437719,YELLOW
dev_yellow_0115,squat,79.36317123751479,73.69108529891675,64.56527516065663,61.297413929778806,69.6242036723633,77.65935379289728,4.944353858423227,74.77124061401855,40.29984968028424,YELLOW
dev_yellow_0116,single_leg_hop,68.71933561526895,68.63803376555592,86.07088830385499,67.47045893848991,60.73815382716453,69.18173479403454,2.7969048876215874,56.161188671895765,69.83239969445404,YELLOW
dev_yellow_0117,single_leg_balance,64.59738251547057,68.02674902319838,77.47620509211521,78.72203520761462,68.13592377728914,65.81417866172933,4.736581828372044,55.76265034582537,50.05226880971355,YELLOW
dev_yellow_0118,single_leg_balance,64.67361915250355,66.79167405589153,54.490359051654806,69.75522135803125,65.8767646471475,80.90554930899822,4.264827794809827,65.66490530660944,63.12712579274802,YELLOW
dev_yellow_0119,single_leg_balance,67.22313707212126,77.46600153249805,73.20183349480571,70.61928876158032,61.954882359617635,66.49728924011825,3.495470711323235,55.74673999244077,53.77992476098312,YELLOW
dev_yellow_0120,squat,72.07946776681365,80.17976721392206,59.7355005413668,70.2675314859571,55.72711088376232,66.86554480342586,4.240637462904447,68.41706083745797,53.21211826157822,YELLOW
dev_yellow_0121,single_leg_hop,76.08162289594652,71.5256753580268,61.80317032324135,57.97355790123869,66.0256360823628,75.26652881558326,5.3006533821905615,83.14948499772981,74.29787452470418,YELLOW
dev_yellow_0122,single_leg_hop,66.77380796335052,75.81818031691212,60.29584655659452,77.33030645225989,66.89280417474868,70.79521237600973,5.755649034547898,78.50546895032153,61.70955352187505,YELLOW
dev_yellow_0123,single_leg_balance,68.20871740390031,82.05231773993548,74.74040332792909,65.43216127693022,64.04149158927216,70.36766641157159,5.397994239065481,50.790601341547976,44.575153921984395,YELLOW
dev_yellow_0124,single_leg_balance,62.24683089892061,69.13705591616498,72.07768513672004,66.6485667494021,65.5711568400815,60.42987612970417,4.49219357678696,68.28531895570356,65.94952458176802,YELLOW
dev_yellow_0125,squat,63.92798320268464,73.96997431827732,84.59078282785866,67.8592165659549,58.45450443086044,67.78366327446489,5.101394818279516,61.639484573785055,59.68645299323498,YELLOW
dev_yellow_0126,squat,62.261586674398345,72.10398857757102,65.6778562398205,63.47048580111999,62.583891311388506,69.42710398789944,5.978354802176978,62.10709438296554,63.99103205298253,YELLOW
dev_yellow_0127,single_leg_balance,65.20879788996255,76.4325743415909,70.00584238089886,74.92653602543855,69.7076836995559,73.12114936016802,4.891740850476442,65.2044530434002,70.63508928451526,YELLOW
dev_yellow_0128,single_leg_balance,64.60114554912194,74.08858838770217,70.32223752212363,61.40714800588796,63.40189949269353,68.34200858039851,2.563191872836182,61.023654096671166,58.426821671515334,YELLOW
dev_yellow_0129,single_leg_hop,67.87794940023886,81.49548564746361,57.273613611928994,61.4030194303631,43.10243361344533,65.63358333678102,4.564792090461399,58.410205412991694,71.0767733948376,YELLOW
dev_yellow_0130,single_leg_hop,69.54499706987113,70.77632167876082,75.20951734485492,67.8419371213132,57.45383968865234,56.98625925760814,4.514554056714749,69.79179255455348,82.7653868954309,YELLOW
dev_yellow_0131,single_leg_balance,69.43127242332633,68.40786690927817,57.52027833372629,72.41563917044479,49.88307158092585,72.85241570983422,5.899482766889204,66.92651507909578,57.803383280614426,YELLOW
dev_yellow_0132,single_leg_balance,70.19656859789809,68.33125694883645,81.8032985790002,65.18656496311587,70.20601840359927,52.06970002113,6.404117971059022,76.21887370189124,60.298337871266384,YELLOW
dev_yellow_0133,squat,72.91139724316432,76.35109108964538,61.857731442874204,72.37697844351472,57.53095624101956,64.73870153448271,6.2396374575335285,71.77191921630182,52.936244978842076,YELLOW
dev_yellow_0134,squat,64.48082378279629,77.39583739879295,59.00012175351682,70.85370111228762,69.97477448507436,68.3822818479483,6.11107006655142,60.26120847459187,57.861443990060856,YELLOW
dev_yellow_0135,squat,62.159276382077,79.10306408572123,60.867836424169035,70.79817454172047,63.429471462992524,61.63051855821836,4.329986541794347,75.44585015136661,62.01657542634481,YELLOW
dev_yellow_0136,single_leg_balance,71.13729801144085,72.12331581043273,94.63237121795345,70.28099073073818,60.95500122346908,78.94019542450972,2.97486021597787,63.84888140742988,79.94428494681073,YELLOW
dev_yellow_0137,squat,68.18660500948172,62.60019373211153,63.83265628471522,79.6361443276723,67.00855677056617,63.128007233412376,4.246232912103073,57.96269755965168,63.61197884053996,YELLOW
dev_yellow_0138,squat,76.3669610895942,75.73607309265478,56.34684191954013,57.37653988805247,68.26601616971011,59.58170231446974,4.751876276824535,65.73735401567559,48.62406004637311,YELLOW
dev_yellow_0139,single_leg_balance,61.83016365948796,72.4352736125931,71.02920230019242,76.49215016331006,68.85642747816442,69.51559616494536,4.179185771087246,53.361837037399326,54.89122911670852,YELLOW
dev_yellow_0140,single_leg_balance,71.3563659463914,60.40058808564926,60.71458377385998,77.63606041284925,64.63372038243311,59.0809376082791,7.591403299757967,62.73952440916712,63.84333959313408,YELLOW
dev_yellow_0141,squat,71.79667329231594,70.79442720303888,61.179410545428844,84.97339988052752,72.02564695694201,74.75356040776073,5.633918110890032,53.97014348674484,72.77530191740274,YELLOW
dev_yellow_0142,single_leg_hop,70.98300758705452,63.16366056721259,50.67312919481984,70.54632962122491,57.52720586244074,55.07582700091909,5.5946704532417835,82.0807269394571,73.89560258580062,YELLOW
dev_yellow_0143,single_leg_balance,67.1987748031403,73.05307184018167,74.1016500542713,76.97702415867926,61.25171424939441,69.23924401007201,5.3306762874409905,67.98488688250949,58.66923557988733,YELLOW
dev_yellow_0144,single_leg_balance,69.3571402764803,81.27899397852633,76.67616561954308,71.81928458748871,77.75287256018343,66.29487966441508,6.785270793492319,67.88263899181996,92.7102612221459,YELLOW
dev_yellow_0145,single_leg_balance,60.65262651252266,68.86392848669595,70.35038262560438,71.17787242383193,79.60111187340014,64.32137721690326,5.995410370563273,73.46216704213796,67.04647832220647,YELLOW
dev_yellow_0146,squat,78.85431163677939,80.37594958789248,71.79667615832302,69.63478149767164,65.80886408035497,68.44884945432436,5.704863647677906,63.2802136765048,51.51475024647359,YELLOW
dev_yellow_0147,squat,61.65985848620686,68.48778247808625,68.77705794039561,67.78435330851835,65.72275034631,72.50569193482278,4.309946981491433,76.19094151510814,57.32289172952525,YELLOW
dev_yellow_0148,single_leg_hop,72.37670366132717,61.980938785749565,60.675724402216645,75.84858238953467,50.10062456750312,76.8230193785321,6.662250222995048,59.674901959586265,62.918127674263104,YELLOW
dev_yellow_0149,squat,76.83360959395719,70.19926487173888,73.94220416420946,62.63080963895463,60.17918165333457,63.404644749725186,5.376911919114284,73.42172147308995,58.15887067882836,YELLOW
dev_yellow_0150,squat,61.42105224399229,75.36759652822325,81.75293130715416,71.14979999451518,60.90482759478998,74.36328776795199,4.736551500854579,59.59543304372214,50.41540894304737,YELLOW
dev_yellow_0151,squat,78.85914190972449,57.764752495026016,73.38287360223416,64.2900404976197,60.7172741483871,80.84620609282469,4.214455798579944,56.87937761374431,58.696057610804694,YELLOW
dev_yellow_0152,squat,65.90700952394991,63.55684641678469,60.074414552945875,78.25067085171615,64.59821431308409,72.15761098592675,4.712436672109659,57.06452073444058,76.7756944987541,YELLOW
dev_yellow_0153,single_leg_hop,67.68265700064244,70.33978072283723,75.76913893084271,62.221117129060914,59.24218124980803,69.07172678811828,5.000297114496997,65.33650213112892,80.91669089395488,YELLOW
dev_yellow_0154,single_leg_hop,52.3536222607444,74.95779366058936,67.30303995591679,68.34760019481166,65.96757847516936,68.7992519862764,4.942126697639072,68.51739788793708,54.57919202805499,YELLOW
dev_yellow_0155,squat,62.36619565052577,91.14268871573435,61.27314044975013,68.80114329968062,52.03471799299706,69.81527890535995,3.973451894241731,59.0177435143499,70.45064665771123,YELLOW
dev_yellow_0156,single_leg_balance,72.97886667202373,62.372770969648826,81.6951613586321,58.464949512465,76.22848651435092,76.15080706187041,5.635066015963148,55.30513697182457,61.51589844819523,YELLOW
dev_yellow_0157,single_leg_balance,65.70355012548598,73.17423742903175,65.00102192731552,51.691115947420734,72.9742732078767,68.43224990415447,4.466719560547539,57.95705490453209,63.58459576366768,YELLOW
dev_yellow_0158,squat,53.213771090681696,75.44277881924965,71.15282398365457,66.40294540257894,54.81677699847993,69.622548786225,3.389014394855052,53.754924629811065,52.49302063495839,YELLOW
dev_yellow_0159,single_leg_balance,74.90757349624089,70.8243342973785,63.41706870578832,83.63754012328997,66.81969997750971,71.37296157332378,4.593329180270348,57.632654991269,38.13593559982849,YELLOW
dev_yellow_0160,single_leg_balance,72.13816794029465,71.92500404071951,65.90218638530996,73.88915409808844,51.56231941536117,64.87083067912336,3.7500668508182162,78.94358354238072,68.756555318533,YELLOW
dev_yellow_0161,squat,53.58115151205245,63.917430240160144,65.94123461314011,64.2204783034206,53.404942335384895,82.61333566355343,5.343793905380837,67.27334690576782,53.07985050767786,YELLOW
dev_yellow_0162,single_leg_balance,66.33697067312592,71.299940957755,71.88801567860207,54.9680194795176,76.77622287880786,70.27672450306713,6.4090386296584665,53.32122219043063,50.768348759718066,YELLOW
dev_yellow_0163,squat,60.866698448801316,74.50178603598903,67.52786641534597,64.28470544615055,55.887446456917765,60.133826111884105,4.946667709482279,58.809718983702595,53.14393007641738,YELLOW
dev_yellow_0164,single_leg_balance,68.42372025265087,80.62025760356156,62.73398253853843,69.95821027038926,63.55619186994932,57.11664383337314,6.571172136890304,61.783617536708256,67.4641821963296,YELLOW
dev_yellow_0165,squat,63.73579894276909,72.01093371052141,60.06518112061316,77.88798786210715,66.4912747796054,71.56937468676622,6.494002561815477,73.4070716720912,67.65342536136285,YELLOW
dev_yellow_0166,squat,64.13024616338322,66.97667118393188,72.8202695490064,69.36521553400041,52.87590053095524,67.67879050892141,3.3564764307093435,62.52159160737216,43.44627496012815,YELLOW
dev_yellow_0167,single_leg_balance,72.70179245369229,75.26777575620444,82.26358794677505,74.78298631597875,60.616685953419974,74.7264906529214,3.4625697309603036,54.33774656687023,63.3314253207511,YELLOW
dev_yellow_0168,single_leg_balance,68.73987450546282,66.87842024728948,67.81045644122611,59.37810913562189,67.39398509964151,69.13529196567173,6.540402508569464,63.060610806914596,52.31357195038534,YELLOW
dev_yellow_0169,single_leg_balance,67.27179900920902,64.93458161789961,70.24909803764352,72.71880197052218,83.75356829354254,64.64714806576917,4.705425968957299,57.81817328005606,62.12113701131224,YELLOW
dev_yellow_0170,single_leg_hop,68.62637608900043,79.51795550123819,62.06416396996178,75.8893923831257,68.30798282912866,68.91579056070738,4.65356969516714,84.84000982858232,51.82991349257921,YELLOW
dev_yellow_0171,single_leg_hop,71.0855322387789,68.49868557854721,81.28496598897044,75.09461063039363,58.57320096927085,72.5881649540186,5.283465293404211,58.35037714222735,67.58164217228173,YELLOW
dev_yellow_0172,single_leg_balance,70.50989099720167,72.74848173254603,70.44843594079721,69.83510129193968,64.47274666420014,64.51288858808705,6.863142864838742,53.546220509863076,64.27636218879745,YELLOW
dev_yellow_0173,single_leg_balance,66.75831480388997,83.5572836166958,59.77213970220927,62.11789390591734,56.2414554939054,71.26425535665427,3.489644274474494,58.6932435471801,38.47634177145715,YELLOW
dev_yellow_0174,single_leg_hop,65.49849598870617,64.07165953640889,75.68487522379247,57.53866481292049,70.37554952022572,64.09271423208537,6.761728515684968,69.74595485033532,49.91952129125972,YELLOW
dev_yellow_0175,single_leg_hop,62.58042213452786,76.63315123134586,64.90097495431867,66.64525994382907,74.17791089417679,63.759177886410306,5.100423149393,71.59165014287075,68.091174883856,YELLOW
dev_yellow_0176,single_leg_balance,66.97765883403139,62.56710722487441,58.550040058678434,70.54687381259787,62.89694248846211,69.52448954996359,6.143178970597466,52.31409201843953,57.6381969776735,YELLOW
dev_yellow_0177,single_leg_hop,70.32097674387852,68.7750403745529,78.45181691141934,75.26869441290518,66.32106661671004,81.5596224553001,3.3512151924288434,62.93046347004886,63.66336968934061,YELLOW
dev_yellow_0178,single_leg_hop,71.1050017927241,66.36050503727273,72.52445854619403,76.46267814503125,66.17866720902663,56.03041529454538,3.936527126717362,68.08239002891845,60.211986435123656,YELLOW
dev_yellow_0179,squat,50.14198167615258,80.45698230320944,68.09325205003066,61.44740268799964,71.95964478053331,64.25721990965171,4.242702670635364,66.22517385912633,77.81038459242295,YELLOW
dev_yellow_0180,squat,71.51798049232875,75.77431395310192,73.3319914566786,57.94413059704521,69.15318669721586,63.861485722995305,5.350325873476239,60.95279135153396,65.01208327114215,YELLOW
dev_yellow_0181,squat,69.82672425504522,54.5618183750722,68.43113369364144,73.1372236183941,67.56742678670763,68.28189837653994,6.806377861123447,65.80235816209495,64.37673300193106,YELLOW
dev_yellow_0182,single_leg_hop,71.53815099787619,67.61189347951478,47.49330068976302,64.18303278385535,70.08756420704893,66.52832568007535,5.881296209509903,64.33855358328246,72.88066070262184,YELLOW
dev_yellow_0183,single_leg_balance,66.93348305015537,75.80568895940613,71.04708051628288,80.01281498104954,50.34690154932578,65.79114207812789,5.933367715927354,76.91306831800783,62.400715126420806,YELLOW
dev_yellow_0184,single_leg_hop,74.29982858072111,78.2122160513901,64.12270657066155,70.64245849742036,73.44421809929575,82.23321295292116,5.816865455158821,63.397250069990335,59.45924823962092,YELLOW
dev_yellow_0185,squat,72.90177590035536,72.3059629451233,68.51712399217911,59.536989883753,74.37645757192928,61.01870690995925,4.524677063501686,63.878339347666326,79.90986879888638,YELLOW
dev_yellow_0186,single_leg_balance,64.33788930227723,69.69509849599724,80.2711773408905,45.50122405195183,55.978095902811305,88.11902096411686,5.649970280840801,53.046135455947024,59.58082017825228,YELLOW
dev_yellow_0187,single_leg_hop,69.47218196247503,78.07675147543364,81.7160160225805,71.10841345023373,59.68169357589631,74.50959109468744,4.231922033450853,53.69996253609874,42.40091128043555,YELLOW
dev_yellow_0188,single_leg_hop,62.7248839071301,65.93326139379478,69.50589221899774,58.40478539340772,38.850669583802045,61.69261757787374,4.480954387506439,57.55095460915231,75.19524679309184,YELLOW
dev_yellow_0189,single_leg_balance,64.70520208497595,78.28554077919519,66.8481392025531,67.66156219461921,57.316957689215705,68.58852143893463,4.158394260412841,64.53021882829114,57.63750367376312,YELLOW
dev_yellow_0190,squat,75.94326037790417,75.56104288012855,63.41549812686201,69.16394437628249,63.32941982798429,62.92686343915708,5.07754585192328,57.41089420673363,50.550661643799,YELLOW
dev_yellow_0191,single_leg_hop,57.64062868813433,70.84835587876822,71.53576527666979,62.44272517296912,84.16566953726375,75.19979957556913,6.434763145926526,70.15718710866383,78.52864974938572,YELLOW
dev_yellow_0192,squat,51.07483830038965,70.32324634988271,71.4657486043803,69.21213577398383,66.20378088774227,78.2463700186891,5.42026333190875,70.1902163483192,50.60437258147241,YELLOW
dev_yellow_0193,squat,61.332244175487745,82.68468353814693,67.80721228117655,63.01416653243092,59.028844051623054,64.4561381485322,4.220145076849574,51.45166977656706,44.99579597779491,YELLOW
dev_yellow_0194,squat,64.8495189077572,79.64295571265977,69.34461322613534,70.12254144062386,58.05503673956439,68.15280108954018,5.397101213994585,69.44576165741408,59.06108173481635,YELLOW
dev_yellow_0195,single_leg_hop,76.55386645526946,73.04793585344765,73.34277694814143,64.0811823312868,49.499293067450864,70.87851291612967,5.797856469461288,68.17812598626813,64.2218666143744,YELLOW
dev_yellow_0196,squat,63.35277623988085,76.31036961426268,70.4115793295862,63.51280727324939,72.87539351353645,62.8199413981668,4.358124283329856,77.72782691107498,68.68581937733913,YELLOW
dev_yellow_0197,single_leg_hop,66.49393485876284,74.7242842578613,68.2383379561907,46.035089080180974,56.748208404212946,68.64407368023502,4.607727375784763,65.22392308347378,71.2948231294792,YELLOW
dev_yellow_0198,squat,61.59641642713994,74.94910995106628,64.38701333145757,66.75149199342478,61.66581024677537,84.6928646000769,2.53522531290226,59.50499487180618,59.96310974351608,YELLOW
dev_yellow_0199,single_leg_hop,63.53200255402055,78.3989549927697,73.50606142975711,67.61796305209168,61.83460995725045,68.21630216037848,4.884734680987409,62.294642746868135,58.120008984832005,YELLOW
dev_yellow_0200,single_leg_balance,74.27248445379506,65.61843911440855,58.59468880613481,54.01185576413181,70.93117920286079,70.75226305233325,5.555794267526048,50.13451585472878,77.84948122880138,YELLOW
dev_yellow_0201,single_leg_balance,64.73804364298249,74.00923484266754,73.83507728542698,60.104161953631426,59.629405131898665,70.25420242220612,8.143220383011176,65.71012268566822,76.06361150630718,YELLOW
dev_yellow_0202,single_leg_balance,71.57607025546163,67.06482537021593,75.47802888654589,56.01511726681562,76.80700098941674,70.40003715752779,2.084754097972006,59.93544514471345,66.5394782092294,YELLOW
dev_yellow_0203,single_leg_hop,67.34083288872164,77.29003486596145,60.19980665830164,57.55214101769914,63.428436775619154,69.2209596710294,4.616777213831447,74.04562031977973,51.497926248609424,YELLOW
dev_yellow_0204,single_leg_balance,69.47578979814537,63.6597042871835,56.4477585306519,68.09528812998906,79.84959998949572,73.05488868329168,3.1018016923409037,35.00560741392596,67.3305359300438,YELLOW
dev_yellow_0205,squat,68.32650561950261,79.84759581706221,59.954256634308464,70.80169998286821,70.76938770422291,65.86775453255463,4.531305872745828,63.22736547988551,65.42676346560329,YELLOW
dev_yellow_0206,single_leg_hop,75.8179743643164,70.22838886439781,56.37283835629512,83.81580294490544,59.16293010766043,65.02090541397577,4.927616346820598,63.60462998688583,56.13316357511717,YELLOW
dev_yellow_0207,single_leg_balance,68.87796272135694,72.76142661143096,68.39855461616645,49.14010032810147,79.0470104560628,67.9689818052581,5.638684881391684,50.59708792619378,55.2899973875075,YELLOW
dev_yellow_0208,squat,79.28806635155982,69.4851183589847,73.06463989552073,62.79663637861444,60.37904848276845,67.2811488435952,6.412229639512231,45.99132606872894,46.843364447255674,YELLOW
dev_yellow_0209,single_leg_hop,55.36886384017129,66.4749872814313,60.507199590463145,55.084149967276886,58.12681802708265,54.8969986334661,3.8802124038555506,73.8037835991918,64.03588070281103,YELLOW
dev_yellow_0210,single_leg_balance,61.980550106046195,63.783490245731656,57.88675139572575,67.65432138483187,70.94541423781335,75.31657191994725,5.6936735987316665,56.3619882233885,60.24549832403988,YELLOW
dev_yellow_0211,squat,66.75060228973928,71.7928614190315,83.2970231756785,53.9039981039711,62.122585472621914,77.4822423503731,3.387519355463108,57.206273172603744,54.709615024323604,YELLOW
dev_yellow_0212,squat,57.82829988275648,76.57171636202824,72.33029826010515,72.06700260014358,57.03701060567135,69.60557553551106,4.010615736474004,60.006630053056384,81.53467927170878,YELLOW
dev_yellow_0213,single_leg_balance,69.66986764317379,65.87484054407696,68.44268272531131,57.18563259149352,54.407916859879904,61.71213804835846,4.511259602584748,71.43272096030282,65.78398198016839,YELLOW
dev_yellow_0214,single_leg_hop,61.3075280408662,69.75211386738611,69.1760088550655,62.9734401168927,61.77306847759121,72.08951084770965,4.616350050678568,65.03453630191822,75.92728456019569,YELLOW
dev_yellow_0215,single_leg_hop,67.79698840709102,80.07602685831523,71.47496053845886,56.26206405210587,55.18290376589181,63.16482881851073,4.059681591373939,62.18739228503867,66.14644048081823,YELLOW
dev_yellow_0216,single_leg_hop,71.15722562107558,70.32592266368074,50.342070050961006,68.56471660333871,64.20616154955994,70.2805012747727,7.316864327473667,74.16536891573764,67.85060918249985,YELLOW
dev_yellow_0217,single_leg_hop,62.2654600894988,69.92203150481954,66.24124314457198,61.79674300791717,68.00371619988094,71.49836194450994,3.8028614276398383,73.77135038186512,61.0231033380886,YELLOW
dev_yellow_0218,single_leg_balance,68.64059999158522,74.68723873553743,74.78233889148592,65.30018877498706,70.62350613957766,70.30999390739152,3.5534399300586625,50.26349903865737,71.22559870149348,YELLOW
dev_yellow_0219,squat,77.37188924867239,74.93745538242834,78.96565376944022,76.45287879233285,69.46902983583777,62.6208195788643,6.904571626135578,67.82671288987446,56.141612253883785,YELLOW
dev_yellow_0220,squat,70.797486470597,62.973645490969275,72.5973862028229,60.371433482447785,66.9648648705943,65.34865763849288,4.709139416002826,56.187811145114416,58.387705688191986,YELLOW
dev_yellow_0221,single_leg_hop,82.22565682212148,81.31035776229184,69.83583163996366,67.79764587548038,70.75360952554308,76.9097927587529,4.087199779571717,62.30305019131018,41.7804177043192,YELLOW
dev_yellow_0222,single_leg_hop,83.45516980390599,73.48049574773852,49.99991900077587,72.87112413261625,56.76728667080736,64.35655390834879,5.689234028770104,65.29098712961452,55.11891224661398,YELLOW
dev_yellow_0223,squat,64.45276057178835,73.755016331325,63.72427557990106,59.12610293117594,61.33949454817312,71.37714836278629,4.804086186498403,50.27842261576633,69.89064621375539,YELLOW
dev_yellow_0224,squat,65.87544391480095,69.27880927267651,68.18543102297131,72.49329446242189,73.01411846608828,64.01316588653488,5.64524057106683,64.76236549093315,42.88460624816777,YELLOW
dev_yellow_0225,single_leg_balance,82.30378178803878,64.36734923655881,70.35597817847771,71.11967955358199,66.20509425863261,65.53796182486874,5.909977916254553,48.95669273451214,59.34171211326077,YELLOW
dev_yellow_0226,single_leg_hop,64.25891440553077,75.57248672472127,75.61982834175747,65.25395390530507,70.24544871940623,69.34818465811219,4.017994569838191,60.67843116083043,57.00514109208385,YELLOW
dev_yellow_0227,single_leg_balance,64.12338061246187,75.570897571935,68.87716950163808,55.274802413844654,50.787792038085136,71.97279117244028,4.103184928326012,65.71837039590292,67.80931578109188,YELLOW
dev_yellow_0228,single_leg_hop,59.11923921796671,83.04659009437177,69.81256626369967,64.64607474661383,56.52847637882989,65.42691405764904,3.6903704302753586,70.9507095668153,52.23248846393679,YELLOW
dev_yellow_0229,squat,76.65474211751388,70.59622648137993,58.653198531061484,64.58958729588959,43.006665779988666,68.15461996328195,4.8128688897568255,70.4226847189317,41.136950720166205,YELLOW
dev_yellow_0230,single_leg_balance,74.74419506498359,80.51226138219198,66.5782289919669,76.11117467282205,52.23004772074476,73.99133295643173,4.15172096169006,48.13738350819357,48.75859481835639,YELLOW
dev_yellow_0231,single_leg_hop,69.03871797040489,68.05420475069438,70.0085882535664,53.53409955996786,46.98321965107311,78.60671203900503,5.994180142341578,53.55632847677573,59.970003565294604,YELLOW
dev_yellow_0232,single_leg_balance,71.93440425803423,73.88933857710087,75.76123265050077,62.15430019839024,64.24942758931702,68.87505953195326,4.699961747561853,59.49175039721323,60.72868237828491,YELLOW
dev_yellow_0233,single_leg_balance,69.24085247189869,66.70943414479285,73.41436727920357,60.188918337869936,62.25413244362261,66.93303669095964,5.393913973925137,43.928064538044005,68.90909814929458,YELLOW
dev_yellow_0234,squat,77.53974306343937,70.13101045290307,66.60925131412792,83.31028832054739,61.78129432965065,77.67194919271421,5.0429495941210165,66.73876947264141,60.699585894113746,YELLOW
dev_yellow_0235,single_leg_balance,74.93496138410087,68.88681032288169,59.127611815846514,62.89139047698383,64.79768301059273,67.4542685011477,5.781302364118294,74.74258529839368,50.24161662764992,YELLOW
dev_yellow_0236,single_leg_balance,58.946324071810025,85.18223794455463,69.43735599297462,71.83841856041262,53.27833291975161,68.99181007695188,5.560172782854394,60.725180785190176,70.75705624826395,YELLOW
dev_yellow_0237,single_leg_hop,85.18281787949981,67.31762303743629,58.823302032186426,60.977951475771384,76.84959328013193,76.29648721920779,4.850919400426987,63.32903697960787,51.834563738032784,YELLOW
dev_yellow_0238,squat,66.34068723124012,71.43954076327,71.87031817223405,66.49604049533423,62.12027205201723,69.07402643870353,5.8748909551723845,77.8184376793545,65.85486232246082,YELLOW
dev_yellow_0239,squat,74.62319956536987,71.80087562739325,61.33761709465026,73.23188985788092,65.36992659680458,59.041599458751755,4.639123414231842,62.25392678866602,54.89542132971521,YELLOW
dev_yellow_0240,single_leg_hop,72.35887325831551,81.23904950733188,69.10740209321727,68.65110269140062,56.50721745911801,69.08350673237597,5.014359318242985,50.6959750436919,54.60472530229605,YELLOW
dev_yellow_0241,squat,66.73702181038546,75.48087726433432,70.69080089588564,63.34945214427836,67.75095682033508,67.72544749456038,1.8434179726595477,58.63768171243612,70.78988640142379,YELLOW
dev_yellow_0242,single_leg_balance,69.78883840290878,82.51156728511172,60.91509637591616,68.01719264342148,53.56786994217663,80.390617991645,4.908334110303724,63.41964158514617,73.54300465505622,YELLOW
dev_yellow_0243,single_leg_balance,73.63034876251837,67.74622760501956,61.82177660730147,71.95945043618639,59.00703155949648,54.17929681515631,4.9414351214970145,49.67808604987671,76.16281753563726,YELLOW
dev_yellow_0244,squat,62.66377460279497,68.80820551202528,51.88481929700863,59.20430490575597,72.13058562032559,84.62250301844674,5.799036164518855,62.17161715241074,55.68040624346084,YELLOW
dev_yellow_0245,single_leg_balance,62.30452930496546,85.35859539603844,65.490010385085,84.92503864050003,75.14815607688048,56.814424980576085,4.267452364664779,56.9785938824356,59.201536358942604,YELLOW
dev_yellow_0246,single_leg_hop,89.973673667787,66.53663275315145,68.83175948531512,72.93206193974243,63.98742396424643,69.7712640444695,3.850710216262754,63.958375751424136,65.11398996174373,YELLOW
dev_yellow_0247,single_leg_hop,71.2932040898979,76.42120542347254,78.30086320508985,75.49573233531473,64.5703569079795,60.797691536817055,4.339994197817768,61.02331963274326,62.52345831341447,YELLOW
dev_yellow_0248,single_leg_balance,62.44986760570954,65.87080786527798,53.79057792755575,66.12039436980345,52.24267646343756,61.996320210898254,4.566707939871267,50.9767442154771,63.79752188498697,YELLOW
dev_yellow_0249,single_leg_hop,74.18156144523981,69.70343788134761,63.503781539119984,72.29943816111262,58.28803922212257,63.52086261881893,6.316148326004919,70.95768964841508,66.01550002343919,YELLOW
dev_yellow_0250,single_leg_hop,55.15904892242846,81.12301328075864,70.13649693266994,76.08625107204588,67.0972942329309,69.3424737727611,4.69715986640174,66.30429939197585,56.882520910954476,YELLOW
dev_yellow_0251,squat,75.07513270045578,63.4812601326868,62.66739310564578,84.35858598781317,58.99135629142086,67.32921393855565,4.029160973314916,66.02261105597242,52.63735109857805,YELLOW
dev_yellow_0252,single_leg_hop,74.9420657522455,68.8074194871111,73.30888895412177,74.57783452448285,72.43964875775436,69.98378696442629,8.565384984674465,72.49080326887874,63.24877624406827,YELLOW
dev_yellow_0253,single_leg_balance,62.86852910142785,72.41764524475515,78.41061581520027,81.67627692501014,75.82663280352183,74.49634614710733,3.618773773074871,67.38445636043103,47.58597621947003,YELLOW
dev_yellow_0254,squat,70.67411079204066,76.13919668361851,74.22701678784644,71.97708992308876,68.25268788594198,62.10743190505337,4.884525646846867,49.43594892928961,39.966308705998046,YELLOW
dev_yellow_0255,squat,74.18449896890152,68.48125363725424,73.97998801714442,76.86678062304031,59.04546140301442,73.1321776618871,4.272727598524995,46.38709012835858,61.23309404442458,YELLOW
dev_yellow_0256,single_leg_balance,65.91937692589008,84.85205870707316,54.79314413813863,71.06296908297176,56.04154210284199,75.35782986487126,5.328274359792572,66.41409914262552,50.5511038239774,YELLOW
dev_yellow_0257,squat,63.640884606981736,78.56350304407532,81.1663817738205,71.8424625377935,56.820634233828535,71.37256965723448,7.670219248771371,63.921805296470204,74.618408593936,YELLOW
dev_yellow_0258,single_leg_balance,68.70539763854529,76.71739123675326,70.17862646610291,61.86889055911071,57.5238603429552,75.9179908217186,6.310705893915159,76.60929202309728,78.03930483252867,YELLOW
dev_yellow_0259,single_leg_balance,69.94233605425818,71.13280453461044,77.80792751022776,73.70455425481269,56.14035793065927,61.764550341367624,5.54112322149194,61.404528046644,59.73570045259302,YELLOW
dev_yellow_0260,single_leg_hop,74.31326001489525,80.9792394905106,51.54771114901307,70.0271833377696,69.55750817917766,58.31389900318621,4.279614794559031,55.43563353903973,60.216981710599164,YELLOW
dev_yellow_0261,single_leg_balance,80.39497778085845,85.13553642798941,60.48569957541374,72.2124580039486,68.47038281713853,71.71338040060323,5.438877598213158,65.73368252206195,76.8757012080642,YELLOW
dev_yellow_0262,single_leg_hop,61.57892271681213,77.7743264852833,74.13898699609162,70.51973829721432,73.05139496402184,70.31651824009326,5.220514493183876,64.0911649020934,39.81755914200331,YELLOW
dev_yellow_0263,single_leg_balance,68.43721124265888,68.99049655327258,57.50841617445954,79.47214627791618,68.03366014827566,68.79118243338816,4.378716313787331,65.66552626165866,69.91436093317513,YELLOW
dev_yellow_0264,single_leg_hop,67.60320911274212,72.97102976634034,73.94453199080938,52.51199096732696,63.53944190075677,65.99496040616722,4.8527871564694625,58.485342992652875,61.37624605207296,YELLOW
dev_yellow_0265,single_leg_balance,82.46539054295903,71.0564651564287,69.33368807275285,83.9579713472729,59.59987537301956,81.70272744250278,5.005855307289818,79.03706603278434,67.5020112494632,YELLOW
dev_yellow_0266,squat,68.5405852267939,69.25575136072473,67.60633239971482,75.17889167216019,63.895108552026635,66.78364036456699,4.72413921240445,71.93228952224749,72.25161455099855,YELLOW
dev_yellow_0267,squat,64.3299464036214,68.98847285531507,70.0348713573369,80.22025651805804,73.16792246650049,60.23703451474062,4.709516433008952,54.62456800779439,57.324874780847416,YELLOW
dev_yellow_0268,single_leg_hop,59.04179545851888,63.28680824031886,60.37156677253118,70.29848482060794,68.96603856512606,72.06213904403073,6.293253943554118,47.13222965189463,71.88336538358936,YELLOW
dev_yellow_0269,single_leg_hop,66.81533275967595,77.38896585882921,56.41259658589436,68.03965357607257,65.89016616471211,77.09025726248893,3.2562199151314584,63.27677293681414,49.147647088578566,YELLOW
dev_yellow_0270,single_leg_hop,74.44051575519288,80.72302145504852,62.719764365533,75.41781188551032,74.88721269981643,57.497271211011736,5.673579412108296,71.62660128402095,57.41273613612562,YELLOW
dev_yellow_0271,single_leg_hop,60.52458495732424,78.65773453665798,57.40392937953794,66.57318852391278,63.67900753757337,74.008766361928,4.310705284536214,56.8387468005493,60.98915478763111,YELLOW
dev_yellow_0272,squat,85.01215000457202,63.95511280132735,69.52273614229263,59.30771979012567,72.15048994565394,62.43018816883537,4.2578869599994436,57.69656226842403,59.23801061280196,YELLOW
dev_yellow_0273,single_leg_balance,71.26238317801095,75.90220836165108,66.95385963053774,57.36087182047535,69.82228920248151,68.6292893543588,6.2779082690161685,56.63035098468057,43.97725272649005,YELLOW
dev_yellow_0274,single_leg_balance,78.07166881798986,73.9656528196963,65.40264160661715,61.03722385874053,78.06213173344658,61.792781835806544,4.202066316608936,68.13030776475621,41.4397931011321,YELLOW
dev_yellow_0275,single_leg_balance,77.92213465766937,76.74515868530413,74.19384857448888,72.46493609559724,62.71101186034904,61.55795902891204,4.845917014652543,54.22287319422629,64.86155310076384,YELLOW
dev_yellow_0276,squat,79.33766041838746,75.23060584331718,74.39660285276149,65.62284210215886,60.173782895934444,72.3157032357176,4.5748798400114,65.42267209944892,49.38807810664579,YELLOW
dev_yellow_0277,single_leg_hop,62.82860622266589,76.81245580610974,74.09352060324876,60.11475064826656,69.36491448405137,65.27085028875308,5.018155693820341,75.75249974211582,68.07487234022949,YELLOW
dev_yellow_0278,squat,82.36153250919877,68.77672395370121,59.11300020005963,62.22302183817128,61.96399157274708,52.51814569995675,4.771828939633509,58.09886341294579,67.837597673978,YELLOW
dev_yellow_0279,single_leg_balance,71.46693565307028,69.39582023338397,71.71968676290324,73.78610447859016,57.851633681668716,65.54883021232307,2.552100494192219,53.18406023067644,52.57530439576421,YELLOW
dev_yellow_0280,single_leg_hop,62.38232124448129,69.91928807770535,57.19735454733921,69.36891118825017,67.40571675667925,71.81655743893876,5.013597245095785,49.13034303148745,53.80046336107149,YELLOW
dev_yellow_0281,squat,66.14885329377061,70.58022812247624,67.5998497439187,79.40433097896815,70.4967697014768,62.08737554105914,5.746243162826297,68.76272130899163,51.93932527048435,YELLOW
dev_yellow_0282,single_leg_balance,67.87736354838316,64.54027905991333,70.64162179709713,69.73569458891619,62.17857896651338,68.7378284051169,4.209005973222692,68.49117453417398,59.56549365491074,YELLOW
dev_yellow_0283,single_leg_balance,70.16514190763759,75.14285154657324,57.7633150845894,60.84573582494358,46.320444323070326,72.95319580943286,3.666568973878557,64.19312738906088,63.70988224939553,YELLOW
dev_yellow_0284,single_leg_hop,60.57188160314759,72.60903029115585,80.362243366302,81.71451743987453,71.89858475221561,71.36245197173187,3.8943829722700847,69.46759462851948,58.419787712531594,YELLOW
dev_yellow_0285,squat,72.92369792690991,69.2029392708873,65.61653509728058,69.3131788806114,65.97022473195086,72.45605900122173,4.362885517022611,50.91043993100818,76.24785039899794,YELLOW
dev_yellow_0286,squat,72.13194497841666,65.05604743161933,60.814439065256984,72.07294055240776,74.72892489345028,60.50976555820701,4.863233897066209,64.76338857999572,68.64578451285874,YELLOW
dev_yellow_0287,squat,66.59479233919734,63.617111852068454,71.96958047562322,76.9983677213699,63.33926830603871,71.83668063914502,4.478059647630222,55.38804484746695,70.26425680547219,YELLOW
dev_yellow_0288,single_leg_hop,72.43258019581317,82.01269088796768,58.56126132545141,63.58378985472462,65.26346679067757,65.0498073356713,5.8614501887996955,61.31340701186414,50.074671925028106,YELLOW
dev_yellow_0289,squat,69.46040172631363,74.02203262484073,74.47745650317064,71.1451272251794,67.68917113087869,71.24204178805057,4.792955226578877,56.55402796399862,62.88838351659376,YELLOW
dev_yellow_0290,single_leg_balance,80.8287583430871,81.05309376863931,72.06271305881286,71.02773551434389,63.29632759215058,60.17213388057006,4.762210554345838,63.91260030064731,62.294564744446625,YELLOW
dev_yellow_0291,squat,72.28675456911078,78.5279811872661,61.46276742645706,62.53539514232791,75.60685343794528,74.39687112435205,4.5701519636533465,62.03509947942987,58.972860533251016,YELLOW
dev_yellow_0292,squat,72.3087816456703,88.20995647659899,68.51805248930123,73.300785203402,50.50818635047886,65.60570005054815,6.351696502988266,66.62083852220954,16.108854151351636,YELLOW
dev_yellow_0293,single_leg_balance,73.71816241621337,84.50898636777262,51.03273931104165,80.1551014051641,41.82435495499257,75.56599261537389,4.9904865113865355,41.85025906279846,64.46137827239787,YELLOW
dev_yellow_0294,squat,71.547209026751,76.50896582235768,63.70659110128751,53.10888195823183,69.53491217869652,81.24827743612407,6.242538939650205,45.109117533587884,44.85105592789066,YELLOW
dev_yellow_0295,squat,63.07822580741862,63.44214729231914,67.35351935644832,71.14732644144418,52.55797373406106,74.4398992149287,5.661214338422015,58.06656787640667,58.27478014016016,YELLOW
dev_yellow_0296,squat,66.67416490599048,73.04430984478195,68.34998076182552,71.03101529616139,65.95393394584458,67.1495941191403,5.3148144368097485,72.01828793979223,59.04501926690356,YELLOW
dev_yellow_0297,squat,71.22316423582174,71.88297362401529,61.82592866816343,72.18303733534083,59.55819244663836,71.70302830694533,5.03108090866105,60.26458791131871,56.718571678533394,YELLOW
dev_yellow_0298,single_leg_hop,57.479391795376905,75.29737057097016,68.85237460222656,74.79736201958795,59.74834478154564,82.26768537833667,4.582290457365404,55.12401322024774,50.06315080157335,YELLOW
dev_yellow_0299,single_leg_balance,56.86254317739237,82.19576735435876,77.9685391261493,72.80596130307806,56.831289537793765,81.67887377091384,4.6131089223261785,60.57876751896013,74.37259080436075,YELLOW
dev_red_0000,single_leg_balance,60.40772197128216,53.492333561914116,42.8237536033702,38.10556093232164,25.224030582474985,46.049829590356566,9.059052672710118,47.38950755390462,38.203080065604055,RED
dev_red_0001,squat,38.03545889328569,53.36123810807642,54.10250964156299,46.44575405175988,41.33388135706687,42.42129642703156,8.753899995523215,13.81285663130237,41.82845708865145,RED
dev_red_0002,single_leg_balance,34.44138628867707,50.551783271791805,45.93671207900219,39.29933748754738,48.290993940471836,51.30715710048711,7.967530409802051,49.17545305052352,38.16750709071742,RED
dev_red_0003,single_leg_balance,67.2590514217646,52.908081601940445,47.56225678791763,29.316255603413797,35.65239738157261,56.03164377259867,6.33099746460414,22.581985431282405,38.323154711875745,RED
dev_red_0004,squat,45.29666860087288,49.983252384241936,31.13209649807216,46.618032981617546,45.29020087106436,35.5278725062923,9.047985693566941,48.89125973302898,49.323159425473456,RED
dev_red_0005,squat,49.084675642833396,55.92209625286791,50.16576718961391,49.94777857200957,25.449937847008652,37.4925839646494,6.990391309791251,40.83161845494702,41.88136923308179,RED
dev_red_0006,single_leg_balance,52.81974068019222,58.8909717914821,39.020919133649656,44.90860888040377,33.2173476182253,46.68227073152504,8.153970505953344,11.321591311754784,62.11244039639684,RED
dev_red_0007,single_leg_balance,48.964860741782324,48.42578034751956,61.418958041841826,40.220550636110445,41.06015508662446,44.590189327216606,9.617191021187674,41.05513764324708,39.494841007395095,RED
dev_red_0008,squat,49.09597620222753,51.67391160919557,54.8831277788597,63.30786583542361,42.53928359039537,48.81732061510797,7.98768979198099,53.79386550748366,32.00802264967078,RED
dev_red_0009,single_leg_hop,43.051777082018376,42.77534230524015,36.52905709888021,38.85759997841624,39.55250404751662,60.38358328039084,8.389592085417746,33.79129340829186,30.720195146358847,RED
dev_red_0010,single_leg_hop,52.88627244040435,52.16889946134522,42.45978827568934,51.99946268563714,32.05338298620251,50.74421278640266,10.0,43.848201140263114,30.243905207383957,RED
dev_red_0011,single_leg_balance,47.87258091870076,49.17994768590791,34.84707324997268,48.60828821497685,48.94267520439778,45.823653295491994,7.3850407584941,33.345911479903535,36.50064399532433,RED
dev_red_0012,squat,37.92277119307721,63.35301298239764,49.73194253399606,47.57916086423482,47.06719655145942,53.39725351731864,7.345579051923614,44.45297360674321,35.3096951573934,RED
dev_red_0013,squat,48.06924537343662,54.050145315748985,42.938717913086386,32.365610216625605,41.169896455724064,46.570113585348906,5.720590527520366,46.56895591999846,47.65342112242776,RED
dev_red_0014,squat,42.261617476755376,48.7677286207056,37.12463175648607,44.66913525189606,41.61854544446684,42.320925656492754,7.607577129795776,24.19200899799579,47.26376747833247,RED
dev_red_0015,squat,39.60524518229483,51.792061891522124,34.58645262961777,38.341171204307415,37.76327077185978,47.92096407127419,8.327705767074763,54.95167575137598,45.327109427693564,RED
dev_red_0016,single_leg_hop,55.12272876960196,55.41824728913618,45.706342435048036,51.072895250040446,48.584074287693255,52.53996086576225,6.199909643260287,34.426858622148174,35.25145895969516,RED
dev_red_0017,single_leg_balance,50.457347145151296,51.87192148557664,55.0949490676045,53.52189302995425,49.59336374941765,56.438783951362005,6.6593067048754095,46.34371949510198,31.924709590445836,RED
dev_red_0018,squat,42.98770207560915,59.94842179376351,49.685936080947705,59.14247497284714,41.417841162144896,65.13461927515036,7.995273348068756,42.202322665383626,25.206099120785037,RED
dev_red_0019,single_leg_hop,52.773939182049375,48.98724922635713,40.82361888473018,53.24984451010057,49.26578135036766,55.92435957047475,7.401589752539521,41.54121721225273,37.40145602304148,RED
dev_red_0020,squat,55.87495267945961,54.208879331190445,61.799128682858864,50.17755534426449,38.121604847084654,53.80097984290283,9.67653430657965,59.98460085007201,49.868913445990806,RED
dev_red_0021,single_leg_balance,45.179721175606,50.69984047566448,50.60855602849113,56.39179596216837,43.470152977715614,51.18172310308168,7.856537639748801,39.04898043631909,36.378654933560824,RED
dev_red_0022,single_leg_balance,57.02669997367876,50.56171732881519,46.42089660729105,36.07697871674793,45.73304853178524,57.56675425102798,9.586947630552432,43.83028072226139,43.74354283279236,RED
dev_red_0023,single_leg_hop,43.925147744809735,55.168112078167134,48.51172121999372,43.4661150980119,41.10202953821704,51.16345598375554,7.476432321669879,39.817528871297704,55.07362013671553,RED
dev_red_0024,single_leg_balance,36.569431360261696,44.44317277374365,38.3427773775348,42.17369267969156,47.16624408829806,52.138770594337906,7.989234250458515,46.76041992262109,31.079138433716306,RED
dev_red_0025,single_leg_balance,43.29114059773167,51.87943270974522,33.32626928902518,33.70951836221923,31.027471509778728,53.34875756578642,8.069890443429658,47.49955080066549,19.603450101975355,RED
dev_red_0026,single_leg_balance,49.64250808179547,35.32798215000369,55.79703486079843,28.41346285181768,46.74675913539983,41.77990762670126,8.95379408668874,70.87344822524845,15.268223698788745,RED
dev_red_0027,squat,49.867640035024536,41.151023718437564,49.41415137774003,41.34582269158485,41.03825857969475,41.61819606570234,8.65859522044615,28.96477945826657,50.4163726289874,RED
dev_red_0028,single_leg_balance,35.181165258178375,61.56962094004419,45.46125877752677,58.26108776353621,49.77084903450674,42.41298006649495,7.706511218969576,43.08934145697217,53.263031999864396,RED
dev_red_0029,single_leg_hop,48.06262399356981,53.057755726578755,44.40096330321354,42.59554371316289,50.436736685426595,48.02593745558232,7.365503001572008,36.91943550947682,32.46234846163838,RED
dev_red_0030,squat,39.74737284171465,60.990521653901936,44.34720591546003,48.63529334844878,20.169947856793325,51.97817916276115,7.622512025193974,37.667039793985424,39.80959957421132,RED
dev_red_0031,single_leg_hop,41.5292232233158,39.256750480669865,53.3779835293755,44.94414049078554,37.488460362017186,41.23670239549294,6.183156732282152,44.01503436361252,54.13440960225359,RED
dev_red_0032,single_leg_hop,35.32066875735022,53.35070036223041,45.573256302026174,49.91234900859384,44.85386541929381,27.099242261230536,8.399766424871302,32.968685314463244,23.78271258551301,RED
dev_red_0033,single_leg_hop,43.68068612738505,54.46582665418007,32.87412311770541,48.63661133646041,46.1067107802528,48.32883337409648,6.845614006750246,33.18559796229637,48.259321315802275,RED
dev_red_0034,single_leg_balance,52.45129322573425,51.00880504521738,45.233324002857145,29.3352983566934,38.82626695897131,52.29509861207963,6.329948903362821,46.48772280526661,38.89012253679023,RED
dev_red_0035,single_leg_hop,40.49371070317385,57.128038518947825,28.38194584817155,45.77344598994967,52.95548126458634,58.079601973704634,8.228787392592375,39.28487301482239,31.64197443452369,RED
dev_red_0036,single_leg_hop,48.80665073542534,47.1565371672435,52.059390544403044,60.06528414402659,39.50493411898084,38.58923637701686,6.320780779051946,48.989089965404176,37.40253821039556,RED
dev_red_0037,single_leg_balance,51.13781627244837,48.7981945050439,52.64498838031865,41.7336066124022,34.139967557408404,45.19301064838331,6.48324020903444,59.904236027234504,37.03618186441513,RED
dev_red_0038,single_leg_hop,49.34809915738178,55.86708453209317,41.70504693703361,34.58457742416142,38.128955912656515,55.70834773365439,7.227195029461888,34.165212245435264,39.554642443691435,RED
dev_red_0039,single_leg_hop,48.49315820502421,61.8570890131191,48.83000382697996,48.15194142824988,45.75420189536257,39.92889232647158,6.740334722483501,32.24493339354915,24.678542443083543,RED
dev_red_0040,squat,47.03035064164629,52.4769763785487,25.25826787678185,59.44381486894895,32.845823966771555,62.36268929157271,6.205834371283552,34.68838957299117,15.971506174903702,RED
dev_red_0041,single_leg_hop,47.534874831598884,45.39245907513261,37.41599876721317,32.01988626260482,46.2188405019029,52.98024556097283,9.793237280186665,35.82864041034324,40.188193710468006,RED
dev_red_0042,squat,42.654726840852774,48.88692812031294,49.71559965996337,51.136174451345525,47.928533526652,42.10031409447672,8.898314695085299,41.603233766029824,34.75403104102985,RED
dev_red_0043,squat,40.04041959226757,48.640385233830685,59.93851076956987,45.45928613195219,41.39689478000964,46.164271990241375,10.0,53.74509439961782,30.789378852012074,RED
dev_red_0044,squat,43.50028819640363,52.8752318696956,40.390192058948514,46.51053218689357,51.616705056314515,38.804603236970856,6.559038589198726,37.65157300232424,33.63204439892171,RED
dev_red_0045,single_leg_balance,58.98926112322152,58.01025532008903,53.55457881694611,40.8850744518928,37.70949274570549,37.83806210364221,8.6599142508526,46.41949144327907,50.859973646782834,RED
dev_red_0046,single_leg_hop,44.00754597659722,53.02027317136381,53.135180604056764,31.23827502322017,45.888449069907,47.85653106479019,6.635499005250933,23.2385482261134,36.63526288121646,RED
dev_red_0047,single_leg_balance,55.13399088291849,62.048108000448366,48.84300968536077,58.69604531073798,39.656471336346044,54.67312486149947,7.30364602220293,37.36861044644266,31.224908831193638,RED
dev_red_0048,single_leg_hop,54.00964581962838,48.1502053651719,39.58848976195843,33.560226547098594,38.36512450770974,60.3444461739182,10.0,27.052198117781252,34.455520040237175,RED
dev_red_0049,single_leg_balance,37.759495609344114,57.93002644726912,48.29274837835141,37.90744538096132,40.580584644728155,44.65806965014604,9.575670703812387,46.922635635144346,44.69823420916438,RED
dev_red_0050,single_leg_balance,44.53247924819832,64.49926575435421,56.60903256029347,28.223283312637577,37.49259333853125,39.58936373856895,9.682211716399157,44.19850454048318,30.32204440268564,RED
dev_red_0051,squat,45.23910560478552,36.3558068255891,37.320309572347384,43.291549806610476,46.765402947626576,34.41080115581862,7.380729161527327,51.0871716466694,23.48546675626728,RED
dev_red_0052,single_leg_balance,45.461821521742024,62.286281922139615,44.1589104551069,41.62719521299944,46.83967802531751,38.71555932365459,7.557028472794055,37.8984749024354,36.610881872949,RED
dev_red_0053,single_leg_balance,50.938845142739865,55.32496891049304,40.01054153177059,44.0935936266177,51.92353291280419,42.180440108418864,7.9596834584367135,40.26155390755234,37.36994984163223,RED
dev_red_0054,single_leg_balance,54.87533998018543,47.3538885946709,54.20857576122826,38.028987135619914,34.99596278483392,56.49186275325827,8.893273063825717,43.877993090675844,45.611505498063195,RED
dev_red_0055,single_leg_balance,42.9801305382052,51.94979423368666,40.707004860289445,50.23251959440208,34.45269335066118,58.39609441456497,7.452582414848193,42.18457707614701,45.58728020654334,RED
dev_red_0056,squat,42.914641800002826,51.81985931314917,53.15054682846067,37.697182222906356,38.990103941813885,48.07200709136233,8.751043715080423,41.10139163515707,56.08299094493722,RED
dev_red_0057,single_leg_balance,43.90422995599433,50.573898169568324,44.63174302705815,32.46686857073592,31.70618522593052,44.28533177182635,9.049412833735143,41.70186546574191,33.15355810384293,RED
dev_red_0058,squat,55.85823993024583,59.532294765446565,39.17528002211874,39.038011038450755,54.50988856251775,49.68797784400015,7.505610228614313,48.465131651977536,48.072990673581124,RED
dev_red_0059,squat,40.999853003502146,53.31663975171959,53.412480553736465,33.71770283232117,40.098763659409116,40.19927242864499,6.718061453380508,36.932099302677265,42.7711953787947,RED
dev_red_0060,single_leg_hop,40.461073125221155,52.30932737994976,36.82429817386856,46.43042574267128,49.05109409566648,47.44557171308392,7.57708610736977,45.360963178940125,17.71530581168455,RED
dev_red_0061,single_leg_balance,48.75772219618507,70.61131482246918,45.018590231082236,42.046999730269356,45.94885600079747,59.517328677385734,8.872464628877548,22.599538092748045,43.63398837662747,RED
dev_red_0062,single_leg_hop,49.35708732731626,45.0723885203695,48.25463699534891,32.75450198927146,49.862429514150875,41.30882188380452,7.881667998161225,34.27997998207337,32.53551942452009,RED
dev_red_0063,single_leg_balance,55.40305452102346,52.620742989362185,41.52638021019424,33.83817623290622,25.02638810880451,39.24103556534119,7.923155165588816,50.82210391850397,32.39648507577799,RED
dev_red_0064,squat,39.97749704440241,50.57192966272073,37.36338623730198,50.92609387654285,56.78008491235654,35.66728127344662,7.419221724501831,53.38301862345031,23.530544785743988,RED
dev_red_0065,single_leg_balance,48.9667873487976,59.32883320124542,46.6258305148547,47.402104567521064,54.08721908902086,61.63898587870803,7.731836065662068,37.208599356306905,28.800198889263037,RED
dev_red_0066,single_leg_balance,35.39757109546322,50.484555772052786,46.82151816763573,38.97597989824996,42.23856212015299,65.9515932280493,7.666241550618803,38.08134935315349,48.15331824381853,RED
dev_red_0067,single_leg_balance,46.67708550901865,60.63601462726826,47.317500958557744,41.012614336231735,25.730200895243556,36.66185714331782,5.780731440530187,45.414052496558156,24.377505201325405,RED
dev_red_0068,squat,45.211725953991674,50.53487848538999,39.24915939836529,47.97806998616165,33.56401744366071,41.10235397151084,9.107184912665883,45.191590446975205,35.650705717517276,RED
dev_red_0069,single_leg_hop,49.490030893136016,52.05359123866419,49.06410520361347,36.46521678099636,56.56318887128498,43.942660226266426,9.511617959644974,40.30018035625971,46.070971156549625,RED
dev_red_0070,squat,53.02796228605032,46.95625775701513,54.605083210230895,57.77151880729152,37.93045616606514,48.24294246999486,7.22420869327183,38.8820737303341,55.1142279893249,RED
dev_red_0071,single_leg_hop,37.97035831708857,46.34728706889537,58.88720749131502,47.9963874071069,56.9629619923402,44.846929535219026,7.938909250961326,36.05390750605376,39.43301168647696,RED
dev_red_0072,squat,49.79468189658506,53.94084450095403,45.53956270027265,39.877085403202685,32.8419681010552,53.09399038422933,6.5118010157262525,46.607063208443186,58.74451394809458,RED
dev_red_0073,squat,55.39865042051009,42.96923234397608,41.70609551725358,46.371605924442704,39.4377446238852,38.20415997202305,8.22384754662084,41.90984794395331,57.143254086037814,RED
dev_red_0074,squat,53.17602369728614,44.39746958122015,37.775925616827934,48.77329567847592,48.669846244858995,41.29825091747925,7.826485147132303,29.5657874382383,36.187801736945204,RED
dev_red_0075,single_leg_hop,50.858459499368884,49.39024900518313,44.007722352449576,33.961636813631586,34.8131326910006,60.30677641350037,7.880217380888846,32.97923010014462,34.852280500820086,RED
dev_red_0076,single_leg_hop,37.900882155018515,60.16203843427872,44.86014060490716,58.12584140880965,39.23721729203155,47.74814912665953,8.504983574396336,17.94671176002539,40.04939323653575,RED
dev_red_0077,single_leg_balance,44.65709458357334,60.91623336109089,53.71743515330894,33.9304665156256,49.93710894902064,46.16379832093303,6.80510145107435,43.77392925784082,35.972306443361816,RED
dev_red_0078,single_leg_balance,47.38435419943847,53.23395352531603,53.20517666284352,51.742972944741695,46.268840754378395,57.936244309704676,8.469550654205166,43.50886318254032,50.39172062088029,RED
dev_red_0079,squat,44.36372701942503,52.19947909806797,59.77261533837532,55.97539302364185,39.93459354461342,44.825138958860684,9.409490850229348,49.20376522123693,41.15581254197363,RED
dev_red_0080,single_leg_hop,47.32187605100216,51.869749240673784,40.685294563416036,44.03233862869788,42.12339236511686,45.372234531558384,8.79420825747047,53.5994915307989,47.698976936554125,RED
dev_red_0081,single_leg_balance,43.06626130350204,56.53492902513023,46.62369117968032,33.11403217147239,45.381835027981964,49.022921486698635,10.0,55.11543776950704,45.11150156934524,RED
dev_red_0082,squat,46.146055785406126,45.97786357820135,32.08810218240072,36.01952712734748,39.61826385463656,33.261225052537114,7.201246028499976,39.77148270188017,35.84573446514542,RED
dev_red_0083,single_leg_hop,40.36793481268299,49.9509171137116,59.79115062499089,48.297162251924824,35.5175937848148,47.521565481466254,7.768855330782507,35.08840109633864,30.308697822561456,RED
dev_red_0084,single_leg_hop,42.061509357382285,45.43182167781477,45.65487724744446,43.94407802503299,24.218366206449318,47.714775495279646,8.754777927783087,46.0610644696965,60.29795115194971,RED
dev_red_0085,single_leg_balance,53.75776637618525,60.69360414850512,68.40068748731461,49.065250094196784,41.304561663461605,54.81618205401932,7.184839923265507,42.96917687545472,31.522723569216865,RED
dev_red_0086,single_leg_balance,40.436636383861256,47.8784290008297,49.30778634484403,41.89830847375546,24.579830914266026,37.81110155081537,6.5380068593923895,34.05325284497423,42.14423329478638,RED
dev_red_0087,single_leg_balance,46.53257192950145,58.391676230195195,52.02241458353417,51.575223649461265,44.867169531672985,49.467755163640426,9.009286916516421,50.2747151256609,41.76095367553991,RED
dev_red_0088,single_leg_balance,28.579482302476222,50.2572209551573,43.55367627478615,52.221463019852564,52.57115997560616,37.84874440852816,9.352283891564204,31.45699332576358,26.587847544391774,RED
dev_red_0089,single_leg_hop,43.36000008370845,50.09076116720449,33.532661762264986,48.19902378794053,45.435219397812816,55.3782911731457,7.323199137244348,41.643755565247965,37.695728350973575,RED
dev_red_0090,single_leg_hop,25.16028652156747,46.25833390606538,46.044326742334384,34.31543812067598,37.933437141831064,47.117471245410634,7.0765452803282844,42.58022033492405,44.28149277757814,RED
dev_red_0091,single_leg_balance,43.346134884782984,49.28083159618759,44.67388066676902,42.94050922683528,26.077443477324625,51.23087742572895,7.303898647608526,53.353815673299465,43.910534756424745,RED
dev_red_0092,single_leg_hop,37.922973443995645,49.77168015287544,36.06033210034073,37.35847032856539,50.01684339606874,58.412434045457466,6.537053375715094,37.87550098514445,37.23804327976051,RED
dev_red_0093,squat,49.09923949266847,41.441138418781044,33.17599934777249,46.91700915097922,24.407691448656607,44.87241815702791,7.978300989414724,45.740993729398056,36.58281904456168,RED
dev_red_0094,single_leg_hop,50.91199601801536,53.711235558194545,40.82386702438832,43.301783173457906,43.065352181249544,60.02766069015967,8.664956035120737,52.9310117035855,31.893926037003702,RED
dev_red_0095,single_leg_balance,41.33071965621498,50.58772004312206,44.85141882689469,34.93580033757688,50.12746901245455,54.18346146431154,7.463754352568342,47.775395841124684,40.22899163003838,RED
dev_red_0096,single_leg_balance,35.58985013532059,51.126033560815394,45.53569177675364,47.98913679689321,34.97249919054293,30.500484931423227,6.6101303105487865,41.45056812860184,38.63884225503332,RED
dev_red_0097,single_leg_hop,56.78623685837489,55.49647864394859,46.652242233851915,42.7408697857485,48.833467057357545,43.86922683489793,7.645687833485341,32.19667691875529,52.18906048695304,RED
dev_red_0098,squat,40.04733692797238,51.31326993809015,50.07720610565024,40.994248698221796,35.72423502629919,43.42008419810968,8.172858089165226,38.77751148710384,33.46242265237254,RED
dev_red_0099,single_leg_balance,35.64756771461216,52.46584345916302,44.55021248966474,40.42681321086428,41.590165419909745,53.236015839151285,8.571722019134516,46.97455650809786,35.593297213642785,RED
dev_red_0100,single_leg_hop,37.69259051074294,48.44106095597151,46.157200761092554,36.70971102678014,40.768457112939544,41.24180325461695,5.972908922092275,49.374655087783154,33.255854046341554,RED
dev_red_0101,squat,39.140764427432764,45.43691715221537,49.3842877978432,53.99926169174374,36.77540911195084,46.49105637736193,8.978795023877979,25.70598866077519,57.668686429126666,RED
dev_red_0102,single_leg_balance,26.05563729405942,51.41498062649946,40.24842374504349,40.88182583276213,36.65291944307261,53.68231368935551,7.67617310233521,33.80183507220039,36.27814838704876,RED
dev_red_0103,single_leg_hop,48.60348965873687,44.89767203340831,32.83013048824016,58.94194240668256,34.86058656233251,47.03852909156334,7.36242505359187,46.932789336739276,55.72789923091044,RED
dev_red_0104,single_leg_hop,34.37144396722006,43.69525943794882,42.808281797384666,40.854134403733866,26.224389843627193,53.73538644122108,6.605047386330373,55.4397140591318,56.20632597205721,RED
dev_red_0105,single_leg_balance,43.262225271574756,54.63383584250911,36.14442222332639,47.989410611832916,36.01446061252504,40.38935274888153,7.4817315129217175,37.80826792435173,34.748405969962455,RED
dev_red_0106,single_leg_balance,39.50284685154987,62.41013799864326,35.39952293739717,55.92344218542876,31.867915024746452,47.99290737224369,7.260784275174178,38.906441956159306,46.01357236355549,RED
dev_red_0107,single_leg_hop,55.49878758060167,59.14314822973385,42.76114934126522,44.47404177923643,33.743377010653106,41.059147811977134,6.539069003698464,38.06184023714284,40.49605631014942,RED
dev_red_0108,single_leg_balance,44.67552408193464,61.096150747297145,54.975288552593,38.31852738778667,28.82501672573771,51.218812145253786,5.250828924771749,51.9913870429441,35.86412542116759,RED
dev_red_0109,single_leg_hop,57.8191022440418,41.63820708654121,53.345169801662664,42.19592930548641,37.35159574822335,38.41109574351499,8.455322697382888,48.08523646299172,55.85127801965889,RED
dev_red_0110,single_leg_balance,40.842732697309856,45.97682449829491,35.05206853182091,54.78579476511576,33.77460572577707,58.36160908279915,8.377579244948272,44.96912593434564,34.93131687439702,RED
dev_red_0111,single_leg_balance,49.62471039101575,51.907175422979186,43.04629366824952,48.5680382931856,38.848223126230955,42.41165654882821,8.459809453006716,41.42412909934291,42.889100117578046,RED
dev_red_0112,squat,36.53615086723331,62.41044377508565,58.3728912861086,50.07027969009569,36.89751451700582,45.89777418787249,9.32056019048611,38.81552966189328,31.674439636527026,RED
dev_red_0113,squat,58.10564272945517,51.71393391031677,60.14740262811077,31.812864714479986,44.14547906227602,62.49757819451631,7.8327258191247475,39.623959569589836,26.322480824015805,RED
dev_red_0114,single_leg_balance,39.60910342151519,51.431148643660066,36.12398176165911,55.45515680077946,49.23908248580546,47.77890675550808,6.5304361708543786,55.82316344318369,34.34068272952853,RED
dev_red_0115,single_leg_balance,37.26356611427737,41.42729192516474,40.832278944849804,31.362895019760483,35.017433307817406,53.21086113588401,7.387059819627243,45.2012404390234,30.766653404677683,RED
dev_red_0116,squat,41.490271721054896,63.525404932516125,43.21211137578483,46.07543550095727,27.475782180252494,58.640742856918095,7.275072708160648,51.45480284915851,36.76819704241095,RED
dev_red_0117,single_leg_hop,49.28105555514564,56.02607456326601,42.380477283898266,51.73525148609482,33.92812108805521,53.4455395401928,7.370774176416815,45.14602153768854,33.38006997645739,RED
dev_red_0118,single_leg_balance,37.47714408815763,53.48534190813277,46.35350267967669,38.67877156742022,39.55977626887763,48.93803133317537,7.122007241408376,40.84117281843298,27.94448059105079,RED
dev_red_0119,single_leg_hop,61.42013127272705,58.35471196124911,48.18475284505241,52.37690341981356,24.16598018652978,30.09624183516196,7.360779832075103,29.592922707581018,35.63394475551671,RED
dev_red_0120,squat,51.44290148838428,45.17041609434872,49.197045489280576,43.11511754521786,42.78007447946468,44.3615963447248,9.321448653848332,41.068422164132464,55.74182223503769,RED
dev_red_0121,single_leg_balance,39.46727942422444,56.45696403973332,45.52265215551577,40.37806066666589,45.058522723740374,45.90578564567287,4.871838129126939,14.434186891431231,50.72422160284049,RED
dev_red_0122,single_leg_balance,58.211386623791626,51.89483051030694,35.658921584016866,39.64332925879199,40.0913961228905,40.95073243000424,9.613432195271253,62.155525916793636,42.78280700730178,RED
dev_red_0123,single_leg_hop,44.92395377311263,44.23019812915341,58.37147116924841,43.61045448679237,37.6866848127151,51.36821862072176,7.155717318111896,43.32187655809636,23.575331491543402,RED
dev_red_0124,single_leg_balance,44.26912271205029,58.95280516380407,44.39091057726704,41.91040232972817,30.30146057366434,53.318298811127,6.836576050574599,37.62219864120694,38.01047186082537,RED
dev_red_0125,single_leg_balance,45.8485692858255,41.76341835869344,44.15355307609587,49.361841749149704,36.97329572380878,46.42687772050675,7.978646655926999,40.86635610707701,27.694844976123953,RED
dev_red_0126,single_leg_hop,51.958512190041276,45.69294431639746,43.00414488411346,31.94694940851938,47.53105560392276,47.353492552134846,6.86478040303355,42.8303904012886,25.963997851045473,RED
dev_red_0127,single_leg_hop,37.76553127977716,43.239198820889314,37.4657660995408,53.85870067199845,34.13505334973923,51.26357585856035,6.880068438048486,48.83580371186898,27.739179990686843,RED
dev_red_0128,single_leg_balance,45.36995916908264,65.96683201855956,51.04340230384132,38.25676788536581,45.48039170920411,62.967221293396456,6.007400300467275,34.41766161688146,35.63102440886706,RED
dev_red_0129,single_leg_hop,42.080382410006344,50.00345981002075,35.566141875254054,54.2316484284001,28.619131212187046,46.598510332642505,8.950413650936767,41.72833628568733,28.20605833097231,RED
dev_red_0130,single_leg_balance,43.39000562780552,47.4578226048972,47.641848733623824,31.788390818206565,46.50428589510098,48.808846662151254,8.008820033787725,54.969691004160154,33.62204501628134,RED
dev_red_0131,squat,39.919283136867435,48.71341822991876,44.45978744381394,42.27228084166937,33.354418107185815,33.838403228768584,7.182978099033058,45.23843099658201,39.362583062534924,RED
dev_red_0132,squat,58.68840580774652,56.55600262875081,57.060165139265806,49.13419433810496,53.67919404741907,60.95597544003887,8.84628168785682,48.35742131782127,35.94767828062633,RED
dev_red_0133,single_leg_balance,44.71063903325263,49.972976011898425,50.97001288716044,37.23721570112521,38.47115032176072,31.5138108037519,9.69539888424976,40.015728756723135,42.55580437336577,RED
dev_red_0134,single_leg_hop,47.10205406208826,60.66606221256059,36.06609750278906,62.179012716781614,48.69688158791013,49.46441744740649,9.36758726588799,31.48228602609565,35.113851212305065,RED
dev_red_0135,single_leg_balance,55.109752774816656,40.79763891463021,50.48366219967044,47.25740927876123,55.7538065345773,36.919312061944346,9.570594162734796,36.96476331165987,33.529905400881454,RED
dev_red_0136,single_leg_balance,37.38503573773153,54.42113408472353,37.101344681749154,48.92227466922333,34.69627162424197,39.508763359059465,7.219409939004116,45.03036472580675,35.226467380689805,RED
dev_red_0137,single_leg_hop,45.23947082832959,56.177244771016504,54.65937161293559,40.51923753128455,31.64622387539073,48.532661352457616,8.317714544714478,28.853472246252444,29.09391702992415,RED
dev_red_0138,single_leg_hop,43.54524467895737,47.43379657823928,51.6563258007752,30.15893438833266,27.362250422444603,45.662778319419765,7.606781915446158,28.90820514427707,31.93251157352435,RED
dev_red_0139,squat,42.19269327806637,49.640212317867125,47.21505186631433,37.7073689246115,51.822690400066186,51.417432478135005,6.912175127294546,42.850603440308156,39.24015318605605,RED
dev_red_0140,squat,40.79732299758554,56.60403218632344,46.33483580625982,54.93253213159013,50.327131621115264,49.3788551321482,7.511489116882333,46.5594531871151,36.195499728728336,RED
dev_red_0141,single_leg_balance,56.76214974184835,52.47082046906207,42.754858939897304,39.32307931140859,30.29571531841034,51.89591389665326,6.8979876770965465,51.883334269689726,25.070649459984267,RED
dev_red_0142,single_leg_balance,53.051566309482176,39.086517612258184,62.14612435033749,39.59771842241513,41.128763057297114,52.00014457861441,8.598741961727109,44.464955444337136,47.97384583706368,RED
dev_red_0143,squat,48.63349499045269,62.56528684019382,50.17862034283678,58.7170841590647,47.208630721901244,35.359749119622165,10.0,36.830903023705034,52.95544015201735,RED
dev_red_0144,single_leg_hop,52.427631803218055,47.86912653480523,51.0059563447167,40.97447563684476,52.63202489271911,51.070677171919066,8.829536905431723,22.523308156742367,37.144273202113745,RED
dev_red_0145,single_leg_hop,47.87386144540807,53.34168943863824,53.689257709742805,40.07276603890036,40.390296840277045,56.268587350904944,5.293442096210107,47.30415451474507,34.66115174006447,RED
dev_red_0146,squat,47.355809569931864,59.36470778085193,54.31315065187345,41.91909575274697,47.00592771008759,54.07647528912091,7.703891602457516,35.76227503210613,31.6476596887767,RED
dev_red_0147,single_leg_hop,50.86497344207696,51.747119117723855,37.63054224215529,29.521097315927,46.654651616771034,44.17255104415043,8.16342653122158,53.15736216362211,24.91075523146515,RED
dev_red_0148,squat,43.80514097646791,54.27845725376776,55.91327998736348,32.36438548270074,44.558383589646134,55.22066642495591,7.594985229647539,40.76297706396189,42.18449368984922,RED
dev_red_0149,single_leg_balance,47.41371954522852,55.494115644202736,50.490244211209735,35.14422155507479,47.922131981639545,56.16748213533167,8.004691183059327,28.552602241053,36.8525429399991,RED
dev_red_0150,single_leg_hop,36.98779833549228,49.83917161853792,34.72504489953167,47.85833779989155,41.32764251921641,36.47951784630029,8.186611347740179,41.491419473487376,43.16414282754405,RED
dev_red_0151,single_leg_hop,42.25927296371201,47.19112359554185,39.833242988337545,38.69463826761276,40.150600772648374,49.035709257973544,7.590208134411086,38.19012405903133,34.48596731994518,RED
dev_red_0152,single_leg_balance,39.60492393951254,48.65216794872285,72.35083286694518,46.36810641968442,28.960154672770436,53.89881042784084,6.798957221878737,50.181553570245875,35.89037720629319,RED
dev_red_0153,single_leg_hop,41.92142905357415,61.654989812965496,50.53121082127396,50.78391549959366,43.479357436159574,44.88888833344831,8.472489862284029,52.88293853416015,39.34738043517553,RED
dev_red_0154,single_leg_hop,50.95341042241336,53.27189529862967,48.011892248142544,44.097897031741,29.990089715240067,47.36949462933976,8.043305133875284,38.25523390860124,41.37677018704695,RED
dev_red_0155,single_leg_hop,45.14915243248578,56.64215134659261,51.30489904852585,44.33722630067873,29.062296869584014,60.53505917076819,7.643919901571742,41.27202191674382,34.574791513006126,RED
dev_red_0156,single_leg_hop,55.80840633600367,60.316265922316475,49.555147228621365,42.1399987645542,44.95294388011003,48.51657887238561,7.590754789844591,45.04295329355697,33.58842253054555,RED
dev_red_0157,squat,46.765849848024025,53.22532555372981,50.8234881700634,38.04690434019513,45.681090823012326,41.65581954934646,7.170176683216638,37.2396744676883,27.279482276263217,RED
dev_red_0158,single_leg_hop,38.216632666671416,47.80650197555997,56.043261683893135,38.435338385170795,38.49485851889523,40.91579699358425,8.716246328384953,49.62062619771959,45.38945904123447,RED
dev_red_0159,squat,48.762708797357604,52.44153466611686,41.80498666449613,36.48024554667183,50.31924421409336,53.353629902086126,7.037365350079533,42.35848591400821,34.998849070149866,RED
dev_red_0160,single_leg_hop,46.24355963634912,49.507044014564826,38.379706669634515,31.166939566865906,27.48957199835463,45.400017106137526,7.706395532532593,34.122292708539156,44.50739427657228,RED
dev_red_0161,squat,44.54117420751926,55.4613118635919,44.53671367849834,36.70305891834315,40.91294056910891,39.16127841587174,8.393382372700312,33.5656571413818,47.18232526533449,RED
dev_red_0162,single_leg_balance,52.43773461416942,45.26426086847011,40.57784239416944,46.04747957478857,49.36397674741404,59.666262358204456,7.84550278004896,58.539710677080805,35.10335450174569,RED
dev_red_0163,single_leg_balance,52.69137335654081,46.34691401824417,49.36160405490603,24.266455673148435,31.02727190677501,51.266737586565355,6.356317262579424,45.84254649710266,47.064581208123634,RED
dev_red_0164,single_leg_balance,38.21732931028061,49.15488030487157,38.27350144652652,42.19029153587266,40.81672499910466,45.85792913832234,9.641795164205504,35.52536562281722,51.91433179255312,RED
dev_red_0165,single_leg_balance,37.711325345815204,52.436665419649295,55.464843268384556,52.05085721802654,36.63793681839812,51.88548804049942,8.263296992030648,37.14054739266534,44.15949937148074,RED
dev_red_0166,single_leg_hop,48.30190465543841,55.39813827442403,51.377239825605656,31.312187141158876,43.68179738565031,40.88268297613031,7.15112436523242,61.457476030696526,35.4673839034119,RED
dev_red_0167,squat,39.81878126994041,58.915495473408356,38.41858397726099,39.42064684648258,49.992417343889336,48.29937295715572,6.0822432503608175,46.89590652890357,34.03534117953491,RED
dev_red_0168,squat,40.756691366561064,58.307355842355555,60.20558425892571,36.19245420950743,38.45429583393446,50.72037691901115,6.856919672190408,44.43265452037048,35.75079712494008,RED
dev_red_0169,single_leg_hop,43.284526998846445,52.29363035624867,46.57011772462852,44.31104615260832,35.20938923634573,44.11379792955172,7.669553652292686,41.597181228877844,33.61150660053383,RED
dev_red_0170,squat,32.296667759273625,47.61720244654629,43.760577390377165,36.15107850375516,53.033584118471126,48.13203292707466,7.994446646048494,37.65092362831085,37.84221079627039,RED
dev_red_0171,squat,36.493225749880864,50.98109778342956,38.50393257123395,40.7807713219507,19.520667469580022,40.10397754089532,9.410319044965767,49.47357974196788,51.19039335915231,RED
dev_red_0172,squat,49.71091196915134,49.28278788772519,37.70199242987502,52.17395684359757,40.516543795099125,65.45815971467334,7.39839222638817,59.75606269302432,36.432082093042446,RED
dev_red_0173,single_leg_hop,54.3523401808109,62.18015042339473,37.8164005745543,39.12001537367305,31.73616619441175,39.390388582192436,8.533773535577446,40.23034466775881,38.52366323190136,RED
dev_red_0174,single_leg_balance,31.998292163995597,59.72059602374233,43.20724669328066,47.25921044990286,44.96570271382838,57.595575925346886,7.684656873438663,22.88726286861362,38.57127613453561,RED
dev_red_0175,squat,46.40494800713121,45.794434845159294,47.17992523546351,40.111852522189665,29.257968405739916,52.700394265064986,7.179902334012424,38.34258706736638,33.374211527129155,RED
dev_red_0176,squat,44.71358686758625,52.47459892327493,42.47491076490883,46.70293457803924,50.79454438760537,52.53502572240554,8.55555365746834,47.45607185295911,24.197573566888366,RED
dev_red_0177,squat,38.86716817810603,50.770075638405245,40.193087660054196,34.48370380195202,25.022594073035407,38.57429550806101,7.517821886923139,41.37516269863004,30.069462238694246,RED
dev_red_0178,single_leg_hop,41.96316451364137,58.54344152424309,44.7069938878013,48.570647051213726,41.62571009835754,38.18550272529161,7.700276006689107,30.87938310604185,36.918791617830784,RED
dev_red_0179,single_leg_hop,39.784084279385176,54.29177820090885,35.26116530027039,43.1176146022355,44.57932466050555,54.35316898516297,6.959415466327354,42.15975874986458,39.84146972911574,RED
dev_red_0180,single_leg_hop,34.63068957474904,46.533384729573704,68.43569994188864,40.8152217283522,24.872049520773803,43.92214899656284,4.754239456389201,44.16828641210538,46.09784760278219,RED
dev_red_0181,single_leg_balance,38.61836336681873,49.175656466490956,53.3892332429513,28.998276281231437,29.427430302403636,46.40319372799052,6.972431678786499,39.35519792273771,25.362496805934782,RED
dev_red_0182,single_leg_balance,43.95536840374008,55.2951429653982,47.60319600384234,44.65352057996819,28.42954116375909,51.448140861514105,7.436046958015114,40.50061523115344,48.4826437639081,RED
dev_red_0183,single_leg_balance,39.963951104381735,60.107105970754006,57.555802394984745,49.02227549891498,32.15503351386062,32.69594728061148,8.986718405685934,43.00246555197972,30.548025291785375,RED
dev_red_0184,single_leg_hop,38.96908783385533,49.45506845061434,50.199122914535955,34.09117734708098,39.12415272314346,55.62396028739353,8.032221817983244,53.226837031413126,49.33602358005998,RED
dev_red_0185,squat,45.054168340951335,37.97955174185567,37.15382163827755,49.10667289907592,27.597988637717705,45.71315187989135,8.172328675057935,55.22613626185359,32.249803035455855,RED
dev_red_0186,single_leg_balance,44.6328796345315,54.105477818860614,44.766025380831245,51.394146791086484,33.606849335772225,48.8411265336533,8.28973398127172,38.39790471084729,46.397099365599665,RED
dev_red_0187,single_leg_balance,46.04270978869645,56.73307427891364,47.55283286439066,46.011236571897825,34.94086594520516,43.58459806366144,9.146836127921654,47.71959400068299,27.77034833777598,RED
dev_red_0188,single_leg_hop,28.38356762525202,48.5563590178035,53.688221412959244,41.99883529031072,40.94330135732825,26.88533127435852,7.368521020050233,45.04445001444491,42.65289875398339,RED
dev_red_0189,squat,51.73648997934055,50.73845348935943,44.674753499006805,32.3430605647211,38.363827686614414,39.168974563215414,5.767342868214041,32.2333856690048,53.08684907803971,RED
dev_red_0190,single_leg_hop,46.53914154116356,48.91902249281166,31.67559184438482,50.48890499943766,22.62241488115529,44.11645126245839,7.739923631064933,44.07440679086869,30.735303954711302,RED
dev_red_0191,single_leg_balance,32.13426961861518,47.19344024598737,40.009936099042704,36.815252038759354,47.76046872166083,39.504780553026,8.131077201881975,43.42467333496124,47.6045507747167,RED
dev_red_0192,single_leg_balance,50.53791677038291,50.96667917143541,49.475140212678404,30.976471302022077,18.89377538967113,50.64282797496097,8.274301438643153,46.27952099836694,32.75067485245321,RED
dev_red_0193,single_leg_hop,55.42805576547261,49.24073310557787,49.36703215737896,47.75708980003263,53.74992127799288,45.78079266147117,7.081487803147931,28.51669154026209,53.52367006662473,RED
dev_red_0194,squat,48.17142774126012,70.70022544794352,48.60035792949039,32.58142875919974,38.43277140005619,41.17652313805943,7.36454476595895,38.376693575208535,32.129756089329504,RED
dev_red_0195,squat,35.24702246251222,61.55500980203378,48.39078435550715,41.196223722398095,46.061102636125945,51.29747092394574,8.103259806016252,48.16498265490144,39.33934743758657,RED
dev_red_0196,single_leg_balance,50.271786106144425,52.97631241019682,44.236844052031074,55.24318241163127,36.176787681812534,50.73919520299142,8.255299251812973,36.51397932962728,29.921776146885065,RED
dev_red_0197,single_leg_hop,42.52303585391104,49.04669888094635,34.334955506889074,37.788039339845795,42.1297838770765,56.86160508904019,8.409830468690997,18.604189514667855,44.41303714757328,RED
dev_red_0198,single_leg_balance,48.17156052281434,51.91518844473623,44.458498991305376,42.18211417630287,39.82060553384176,57.410834804631705,7.778373794206404,51.769825198630805,47.39905865845657,RED
dev_red_0199,single_leg_hop,49.66931883308557,41.280287079221935,54.933061249292855,39.33678964691529,45.72581824859818,41.192270167317105,6.496418552366419,59.787498631480794,28.430169331618856,RED
dev_red_0200,single_leg_hop,45.82894225005565,49.47927964983897,45.64136892535835,32.59124402774951,39.889964963126154,40.42081780272828,7.365011826254616,50.32769607572618,40.54190676557657,RED
dev_red_0201,single_leg_balance,34.62480650783635,57.10892876148322,45.94320190472686,38.66251785272529,45.973410431271446,46.82955214116098,6.517772526103716,58.63028740304644,37.82712557109012,RED
dev_red_0202,squat,42.16426379788587,59.07979443674554,41.80097193486368,30.640161129507163,34.57057870483217,57.287422203183546,8.715345377602828,39.70485912606125,51.73255141640474,RED
dev_red_0203,single_leg_hop,50.235595601753175,50.40046381819236,44.67272115919136,45.63454185556348,33.34490440268947,48.03153545856546,8.13936470107462,26.817303852523143,36.10679677432102,RED
dev_red_0204,single_leg_hop,52.19647613972226,40.93301803713379,42.947951842370315,39.1459628210833,47.6805677113728,47.695174014445755,9.775704110217607,47.95992043715748,33.89777005810481,RED
dev_red_0205,single_leg_hop,46.67761087591271,49.87558714378325,52.87516872392336,32.342418293671905,33.410432187429336,51.18982942988445,9.148332093595982,22.18228263474721,51.744712159904154,RED
dev_red_0206,squat,31.81287526643986,33.98963294866397,33.764911473533765,42.84236115323679,39.47281569752892,52.43240304296517,7.19556410468294,32.027635081984464,33.86913612339107,RED
dev_red_0207,squat,45.23527200838104,53.384636769731664,39.686682405820754,50.211573602682876,35.02882582620773,41.911978463725674,7.203369339584881,51.67356158132347,36.67203547059341,RED
dev_red_0208,single_leg_balance,51.4827542531398,64.85649123969247,47.67746107447158,52.87073968692347,48.288623604598314,43.76052173839167,7.829297598523856,30.457098332664113,35.95057733638365,RED
dev_red_0209,single_leg_balance,40.61666741611993,49.58268425694619,40.000839748957304,40.70322553443546,44.25786149011932,47.16355662692003,5.749189482469076,35.284914915913625,22.806006474417476,RED
dev_red_0210,squat,48.52322154837931,53.53928933112499,39.7007648536049,44.97483143304973,36.239085953849,40.03242185174823,8.616122911679824,49.362249783513946,47.48895481083506,RED
dev_red_0211,single_leg_hop,40.74155979977281,59.07617387615847,42.05134198937546,48.22801057230811,35.912698705866596,46.432124853779605,5.136704356871891,39.28278107024776,38.91089966785027,RED
dev_red_0212,single_leg_balance,57.293316476595976,45.02520348804834,41.49135010316859,35.761019120113176,35.48978416803623,55.21989144058494,9.42583497375966,35.692866501729526,30.769924572767966,RED
dev_red_0213,single_leg_hop,36.90009945984259,59.83771231911582,54.96803525533042,42.1521456000897,28.83120642954496,38.853362041806236,7.9876923954230525,46.94404126601849,17.338551949788517,RED
dev_red_0214,single_leg_balance,56.328071226901685,50.694944760218284,57.91710472632499,48.19236903164547,31.325763193317137,45.95130094653701,7.658436337600826,33.42739588715844,28.30131977189059,RED
dev_red_0215,single_leg_balance,55.54738014482992,46.13583628184229,54.62748861126944,39.50812417307987,39.79488536093462,51.93291092767001,7.141585459804853,47.1111388214508,17.53570300451618,RED
dev_red_0216,single_leg_balance,27.720289127998548,50.63891963980925,52.83394388254793,47.97836244846701,29.612716168304473,39.81234922734538,7.042460755645101,43.67594276122321,17.680668099562965,RED
dev_red_0217,squat,44.90743496906009,53.86857624280039,43.735702553032134,47.202567744424414,41.789793266609635,44.20842018420773,5.67019170371456,43.200717734137406,28.46924634770022,RED
dev_red_0218,single_leg_hop,48.3538695257416,60.50400030060611,45.695519012463926,47.43251869156696,28.444165270776875,49.718665066965244,7.734103468555121,53.06304822563564,32.59541523971244,RED
dev_red_0219,single_leg_balance,43.3085366798634,58.35288680279677,45.263729660842806,34.12926894970185,60.41306618632098,40.449850656642866,7.728829910295524,45.12019340423052,40.67617509031115,RED
dev_red_0220,single_leg_balance,43.70667740631584,50.590408802272265,37.07252913126902,60.20175371538183,38.24007265829298,52.17851694976167,7.431881856550234,38.80712694880065,33.4455633733035,RED
dev_red_0221,squat,34.15107948407525,51.03627315927538,42.74393876544456,52.372196073478214,30.426399059323877,43.95996975711601,6.81171548657051,54.98277354610628,29.30591555145329,RED
dev_red_0222,single_leg_hop,51.79113031384186,51.12326253150755,34.985511992476255,32.08676912989048,46.87811251836864,39.175841868400994,8.231229272165903,43.02914198838537,41.77132484311027,RED
dev_red_0223,squat,48.30109365492121,46.39797529349259,38.19577456788207,48.71941707280322,34.965243115484824,28.74896055596396,8.513630827672252,32.67364840738109,42.67135877905253,RED
dev_red_0224,squat,45.11733720083363,57.974594989981185,47.23038144428962,55.69943462512918,31.50314312994315,47.94249513708457,8.540477765545614,40.28629418690959,49.522189966526696,RED
dev_red_0225,single_leg_hop,41.97572322342454,64.41622690977333,62.97758003417796,45.2565759698184,44.420809442836934,56.34170004937246,6.4940828611358965,30.191999868799883,50.564189138576346,RED
dev_red_0226,squat,43.414463278141476,52.066739817286965,26.911668221087446,41.47550148434399,33.97562608645421,54.426501435305575,8.894533856222406,47.190122107169195,41.95458648799141,RED
dev_red_0227,single_leg_hop,34.51857275895813,55.543858479981246,51.03518356418707,52.96154123014984,56.94567849944158,36.152075284998745,7.372675491819965,35.3196002655812,39.725071883850745,RED
dev_red_0228,single_leg_hop,43.36142548843898,58.165626168407044,37.188686310553734,34.67102826085915,31.806197831215663,45.47770688801809,6.448550762496969,41.56285660080656,36.34509805369133,RED
dev_red_0229,single_leg_balance,39.49439420200644,57.24259752433717,45.523995773706105,51.50117891225443,38.43960119036454,47.83063578238052,7.180939354850118,41.93658113518064,45.12231306132046,RED
dev_red_0230,squat,48.62888373774265,47.123518233725555,52.07240452417768,38.36075338150458,46.813438985832406,48.42683579703566,9.47304910673017,31.613390463712122,23.23823226688132,RED
dev_red_0231,single_leg_hop,40.686479278171035,43.69233431179412,34.93812084457378,47.972406083679004,39.96656965269873,44.64223316307019,7.374341142964025,36.62486102106295,54.503691678190435,RED
dev_red_0232,squat,35.74506271341691,56.776303704917964,44.27395501321743,59.31018951054308,35.79035488964692,53.92188925829754,8.990417063659235,37.30797751018197,30.570792320909643,RED
dev_red_0233,squat,50.189565716516334,55.449351507483584,34.715119194312585,33.972514909562236,19.708559960415958,52.16770797785162,7.5119900875506795,40.54064621122246,21.085559022981467,RED
dev_red_0234,squat,41.654287612027034,47.966046399113075,46.94268860414105,47.667745013054514,58.15690055428158,47.859880789783524,9.02694292940664,34.53024500718203,21.25053685024644,RED
dev_red_0235,single_leg_hop,42.53388847302913,42.41366969275455,46.11738533735283,36.75636700393068,24.365828905963316,60.15217602102124,7.2086821155840815,27.261426273502217,46.9817179050729,RED
dev_red_0236,single_leg_balance,52.63116223583464,47.599633991931704,41.67281847789762,45.75865367581637,44.74575504563288,53.37938616138419,7.701284747397738,46.75755049399125,45.4562860692342,RED
dev_red_0237,single_leg_balance,46.403983969967946,51.14405132041422,34.43764041415096,47.79339325423991,40.33738959312921,45.10468903354505,9.205542999950826,29.14949730378016,54.44036315364886,RED
dev_red_0238,single_leg_balance,47.222627249520286,49.629735312818376,32.66341669981336,41.88312081227376,42.67795925514234,52.73357812481816,7.582163481717208,22.267141429160237,22.583386554173746,RED
dev_red_0239,squat,59.36413736634306,45.444784097367304,57.41639566591367,35.52730610065924,38.54035272217706,52.37645781719933,6.897786108761038,56.32993622183149,38.75728358068411,RED
dev_red_0240,single_leg_hop,43.12675094386612,55.952321722102546,58.6303419187989,41.94971249901428,53.83770232599389,43.71882934134617,8.64050564328688,46.40202902618745,27.314179273176308,RED
dev_red_0241,single_leg_balance,46.49666793246132,52.04419562710223,39.174462589785236,45.864019473553014,41.17031636886814,47.49189136884948,7.724564784035446,41.18990766968743,34.32300378753673,RED
dev_red_0242,single_leg_hop,40.49260051345354,67.94085694882,34.725334036277474,38.322111382124326,35.954063163384475,62.283453900271766,6.347851885024751,45.83330068187499,40.4839406504654,RED
dev_red_0243,single_leg_hop,47.33521613272184,59.418058975665645,55.72663487797671,39.39234538783906,41.55213959595193,34.95128577493499,7.909002309374122,34.85409514951273,36.13617574039483,RED
dev_red_0244,single_leg_balance,47.834106007033526,41.82058782654635,47.18627685433269,33.1879552558196,33.202871718912924,56.08312471781614,8.446709740504984,52.34282823903489,53.597271325012905,RED
dev_red_0245,single_leg_hop,39.590129050021645,60.99382997464523,34.275954750568786,48.968802676359225,36.05329828320023,41.48789900152479,8.475916854034887,50.50456372652292,47.15268386646545,RED
dev_red_0246,squat,45.92370110930467,55.16119951419942,48.43011260413753,47.330846716687844,41.631995688885716,53.899486771544545,6.010071412794529,40.81853872422252,24.16153506154414,RED
dev_red_0247,squat,46.936914123234196,61.85158105512218,42.20732174442425,44.01801624237772,46.05189371937311,33.525939477634324,7.225678469641394,45.28064093345565,9.030052743427248,RED
dev_red_0248,squat,52.70600581366902,58.01798140270435,48.9945458189608,50.05758111954542,41.72083387537171,51.8877643520962,7.452780920275325,43.042314146298835,31.676296135841778,RED
dev_red_0249,single_leg_hop,53.84438340927619,61.12935645701321,57.039302405576585,39.7351299065771,32.3698076850793,56.93881562525114,8.398297922850555,44.957259073712784,31.663679150548543,RED
dev_red_0250,single_leg_balance,37.403053582366454,55.804374136474195,57.031093596849686,56.048364351263615,45.66819243287853,38.32584915265215,8.017063144040623,61.25713569651942,29.31388409557716,RED
dev_red_0251,single_leg_hop,44.58572898962848,60.48114611080587,50.93707137658868,62.84125059588084,34.13704493417129,41.07170949981425,9.14653797941869,31.237092345556178,36.03232011182464,RED
dev_red_0252,squat,52.25192631370145,55.68560780815148,49.656519313414904,39.780552976786666,49.72003215265555,76.18076829909086,8.560410308815207,42.89704986792153,25.021370290078394,RED
dev_red_0253,single_leg_hop,40.53762985477992,50.717738596316174,41.72319807786294,42.87137732378522,54.2241286144583,56.73016842158464,7.62528401188492,31.125480498007256,51.37367642902413,RED
dev_red_0254,single_leg_balance,32.914497020783514,56.27458071095822,54.20549347386772,23.592732760522647,33.403562862936774,47.226821920846,8.607962002439479,37.35828073838246,29.678580980260634,RED
dev_red_0255,single_leg_balance,50.090184747761974,49.19006576011505,50.336437204389576,34.10787476020327,29.181335846108812,53.28688410299278,8.077771901348935,50.30210159912586,32.67406999078558,RED
dev_red_0256,single_leg_balance,54.52503221278637,42.86224741603318,56.011685673445,53.56403765985907,46.8807161141286,43.18534738092686,6.901823779602104,40.1094980430162,25.049603231686007,RED
dev_red_0257,single_leg_balance,38.26814200872482,55.868405749054276,51.19479291379326,34.60340138772035,45.4089754824006,51.180123140178644,9.460874880034813,47.12222797680769,48.58581053734378,RED
dev_red_0258,single_leg_hop,51.85950376788031,44.27729706059335,45.026044343112694,42.688137854179764,38.05000042451774,51.10720641221708,8.497817619945327,45.53031369364034,36.23056118778662,RED
dev_red_0259,single_leg_balance,39.84988944108412,58.5831164449374,48.79786253291068,34.85108913280473,38.45049966680301,35.79690225604847,7.838907675782187,40.214580516612635,32.255330496446625,RED
dev_red_0260,single_leg_hop,36.90692116320521,56.238357710094014,63.49366528745499,51.618143229733505,39.74768974321786,40.06151952403671,6.301731605757099,38.2960347453823,31.129992660860918,RED
dev_red_0261,single_leg_hop,39.96317163729307,50.04211926717254,45.182023256914505,46.88169558116237,30.097630244300568,43.22429342706865,7.624360708895271,40.24063325919058,56.36423707413423,RED
dev_red_0262,squat,33.70487131628403,54.50908816952059,50.36530978195183,41.998975774042094,30.29282660472639,60.30638286719424,6.623127695060617,47.946949857743405,40.00050529063935,RED
dev_red_0263,single_leg_hop,49.20567384320839,62.24114754500398,50.49311097712828,38.53068618365174,48.84793820102369,43.582303849691165,7.979913812534795,30.36224752785789,27.667187726632477,RED
dev_red_0264,single_leg_hop,47.5766069600661,41.78565626385382,49.97829894400532,36.44456818721362,50.237504125369334,45.536248998228444,6.564015503495016,42.68224102163327,28.837649989212746,RED
dev_red_0265,single_leg_hop,53.88261599003188,52.0031812451986,44.7865870152537,47.734408151448065,31.960420486397656,38.9759244127004,8.2491867373858,32.102963627920715,26.999898462505435,RED
dev_red_0266,squat,48.67544876988758,44.47702274528253,41.046911656469305,35.77014755242944,54.21055438432464,54.34207299299426,7.3370706693941985,47.185752204091436,24.438138140691706,RED
dev_red_0267,squat,40.29147694167355,52.629179595651316,49.6178459931673,42.22032699589245,41.98410808571381,48.54835521967188,7.620064857775451,39.33468967028195,33.73735127322216,RED
dev_red_0268,single_leg_hop,47.875709124396195,53.190155003913006,36.57122359999153,35.008577190854496,43.19105444758454,58.30171310469615,7.967657007714631,38.29498428770705,40.243404554427755,RED
dev_red_0269,single_leg_balance,37.042250042405996,59.85365893921878,47.492753156064225,37.644342294315614,38.665636271257,44.31074637555469,9.242836974498518,40.179839194976466,39.55365746115593,RED
dev_red_0270,single_leg_balance,39.814633773648204,53.162256796810944,48.195484555153676,30.567369431835033,42.02157191022088,47.679665545398024,7.942962921327596,42.3206674214151,40.59169872950082,RED
dev_red_0271,single_leg_hop,54.36140257973311,44.92295552748934,43.26278131599664,48.33294903170269,43.84740694182329,51.21583887339459,10.0,47.52721971705035,49.30937796255025,RED
dev_red_0272,squat,38.04961338271902,50.1140954245982,51.69568137074723,46.2546228386334,43.22601096479104,46.499589292420104,7.388817119305727,40.3812848013605,45.244754501652125,RED
dev_red_0273,squat,50.88509199719293,45.96255010197263,52.09874047545159,37.79423015395016,43.751373214728424,46.656239802762585,9.522367404162884,38.23732833916969,39.786118408947836,RED
dev_red_0274,squat,38.882288049139824,51.56285766743833,43.8673209230149,38.88949213275222,36.48221598813409,55.78410218695756,7.141594191763633,47.09767094404445,41.145950020311446,RED
dev_red_0275,single_leg_balance,35.22113918957377,55.11501663055865,34.69189432193845,48.02473462532128,35.94246685495322,48.058570772795164,6.376292055411027,43.101440912443344,47.269504179706196,RED
dev_red_0276,single_leg_hop,40.749830396991925,54.727726141404936,49.83694658917551,23.526565612731947,56.123250910262186,51.69987438483832,8.566610528698257,40.708135980041845,19.446464914477552,RED
dev_red_0277,single_leg_balance,49.72305442875168,48.60887183061468,50.35145355346672,41.24959143789817,41.90431503293102,42.57502533013529,8.750827836946824,31.30458864488095,60.4556942533919,RED
dev_red_0278,single_leg_balance,56.42889709826557,59.65287391464706,45.32361313413087,52.33237364597767,39.23058801379098,37.125377204282856,9.453521555433756,52.159420166302546,37.68660892344565,RED
dev_red_0279,squat,36.423710198681945,48.48279594052616,31.430835320899924,50.560646820943816,27.17352826508656,50.00781609102673,6.871937317442343,29.159668995004708,40.38355093278572,RED
dev_red_0280,single_leg_balance,50.86732373797757,44.39436838762776,39.941482836209424,23.89886233207287,22.525226541376618,60.58734686984959,10.0,42.83453584701557,29.761712340934885,RED
dev_red_0281,squat,42.91085752156925,57.24144521491819,41.884887841423634,44.90107093633351,39.89795159615,44.01831130941999,7.221187979408942,44.639887845169575,28.231118636125586,RED
dev_red_0282,squat,41.69894728245573,52.76420382788938,57.07170052934847,41.65446363818438,47.358434721535936,35.455770008813204,7.282600684995345,42.249197589684655,57.23330679206459,RED
dev_red_0283,single_leg_hop,31.280335417180765,51.42274082864334,57.65351080733011,36.719836757865025,38.29728951659464,50.322172895388775,8.002959409095059,56.09193427908973,42.484738100732315,RED
dev_red_0284,squat,42.47994149883062,47.556847532498224,44.19421445584292,33.72717525305919,43.86809356968076,45.29885321071328,7.061032210024777,46.487925686589016,26.562842220257114,RED
dev_red_0285,squat,50.39351549699056,49.12997566905184,55.27277155275347,39.85809937416346,45.05527733246339,49.25693661641034,8.618292061085935,42.98952202932865,21.366025876567562,RED
dev_red_0286,single_leg_hop,44.38621954279465,56.737096464128875,51.52197181495085,36.81362815190926,32.68163675859763,52.58748571014303,7.466426067648435,50.427863515198474,36.21799057136977,RED
dev_red_0287,squat,52.16386844213802,54.539826905254614,48.30379994971319,40.007910410077805,41.85942091249213,56.349969004668964,7.740362995470348,46.7805699931547,38.46360076249706,RED
dev_red_0288,single_leg_balance,57.06387529856809,59.21038018623731,46.635230521565745,44.715632703488275,34.385035971592245,46.78919917614533,8.140337566303476,49.65552230612215,45.49220896910919,RED
dev_red_0289,single_leg_hop,37.23518660866843,57.86189638407179,45.289810564979575,35.1040691545797,50.69107789945537,58.24295297716567,8.090121680574725,48.379142417147115,45.67449208744432,RED
dev_red_0290,single_leg_balance,50.09647967802208,44.03387033536859,62.07846199176902,51.525255115840345,35.92380635781788,40.79262449349813,8.355294773444491,39.495659654691785,41.299953539989595,RED
dev_red_0291,single_leg_balance,50.20384788894784,48.60134867201923,37.0711360585253,46.086547742975824,35.73289715778421,49.022670500126786,6.322340919341508,39.73035547972826,45.14951891039997,RED
dev_red_0292,squat,39.48149420388712,44.990413784091686,46.12610951801434,47.48826237615527,43.241401121540406,44.41488108947083,8.127606886735263,55.521199241483956,40.05144687309028,RED
dev_red_0293,single_leg_hop,33.56796444926966,53.21920202860385,62.35165576970087,32.700873495075236,40.23779729463217,46.41565196877506,7.9054712552025705,43.748269378383945,49.39971986062925,RED
dev_red_0294,single_leg_balance,53.94081690048433,51.294066047281106,43.19890580820294,37.64653613569115,25.463303767038777,49.93046988348088,10.0,46.124119295572754,44.867473541616796,RED
dev_red_0295,single_leg_hop,42.108780724898814,50.53399965235798,53.877131906666094,59.06954912231856,51.90358348637456,53.63671240809615,7.83866563732956,43.88747022840591,30.464926805717457,RED
dev_red_0296,squat,37.11241149568041,52.29880020713163,43.66406190858658,31.244466362242523,39.70141296760211,45.77098772873838,6.509866259187511,38.668388904419366,34.790469992836556,RED
dev_red_0297,single_leg_hop,40.68354002052873,57.56002098865564,30.7767875032535,27.113608074312232,40.02628627559273,48.67289032574614,8.24463664962087,37.14923842548815,28.820761949076683,RED
dev_red_0298,squat,41.90895305256403,61.306428427934165,43.40618200059846,42.574518786263376,59.80334511678354,46.63667841288519,8.411772551719,47.816784900477174,45.31401643718215,RED
dev_red_0299,squat,47.026410857878766,53.16304476646306,46.80267431869693,38.39204878212981,42.60415042271415,62.200520861972144,9.131750099859913,44.73526220002173,46.5582979810599,RED
